2026-01-16 17:23:38,081: Dataset: BSDS500_gray
2026-01-16 17:23:38,089: Train set size: 60, Val set size: 30
2026-01-16 17:23:38,092: ======================================================================
2026-01-16 17:23:38,092: HYPERGRADIENT METHOD COMPARISON
2026-01-16 17:23:38,094: ======================================================================
2026-01-16 17:23:38,096: Problem: Denoising
2026-01-16 17:23:38,097: Regularizer: CRR
2026-01-16 17:23:38,098: Epochs: 10
2026-01-16 17:23:38,099: Function evaluations per batch:
2026-01-16 17:23:38,101:   IFT: 20 steps x 1 = 20 f-evals
2026-01-16 17:23:38,102:   JFB: 20 steps x 1 = 20 f-evals
2026-01-16 17:23:38,103:   RevDEQ: 10 steps x 2 = 20 f-evals
2026-01-16 17:23:38,104: ======================================================================
2026-01-16 17:23:38,105: 
======================================================================
2026-01-16 17:23:38,105: Running IFT
2026-01-16 17:23:38,106: ======================================================================
2026-01-16 17:23:38,151: Loaded pretrained weights from weights/score_for_Denoising/CRR_score_training_for_Denoising.pt
2026-01-16 17:24:08,247: maxiter hit in iteration 6
2026-01-16 17:24:13,880: maxiter hit in iteration 7
2026-01-16 17:24:19,693: maxiter hit in iteration 8
2026-01-16 17:24:24,832: maxiter hit in iteration 9
2026-01-16 17:24:30,034: maxiter hit in iteration 10
2026-01-16 17:24:35,469: maxiter hit in iteration 11
2026-01-16 17:24:41,552: maxiter hit in iteration 12
2026-01-16 17:24:46,776: maxiter hit in iteration 13
2026-01-16 17:24:52,309: maxiter hit in iteration 14
2026-01-16 17:24:57,714: maxiter hit in iteration 15
2026-01-16 17:25:03,127: maxiter hit in iteration 16
2026-01-16 17:25:08,980: maxiter hit in iteration 17
2026-01-16 17:25:15,299: maxiter hit in iteration 18
2026-01-16 17:25:20,587: maxiter hit in iteration 19
2026-01-16 17:25:26,400: maxiter hit in iteration 20
2026-01-16 17:25:31,885: maxiter hit in iteration 21
2026-01-16 17:25:37,494: maxiter hit in iteration 22
2026-01-16 17:25:43,157: maxiter hit in iteration 23
2026-01-16 17:25:48,767: maxiter hit in iteration 24
2026-01-16 17:25:53,933: maxiter hit in iteration 25
2026-01-16 17:25:59,642: maxiter hit in iteration 26
2026-01-16 17:26:05,214: maxiter hit in iteration 27
2026-01-16 17:26:10,541: maxiter hit in iteration 28
2026-01-16 17:26:15,786: maxiter hit in iteration 29
2026-01-16 17:26:21,090: maxiter hit in iteration 30
2026-01-16 17:26:26,304: maxiter hit in iteration 31
2026-01-16 17:26:31,668: maxiter hit in iteration 32
2026-01-16 17:26:36,896: maxiter hit in iteration 33
2026-01-16 17:26:42,030: maxiter hit in iteration 34
2026-01-16 17:26:48,318: maxiter hit in iteration 35
2026-01-16 17:26:53,461: maxiter hit in iteration 36
2026-01-16 17:26:58,686: maxiter hit in iteration 37
2026-01-16 17:27:03,869: maxiter hit in iteration 38
2026-01-16 17:27:09,698: maxiter hit in iteration 39
2026-01-16 17:27:14,882: maxiter hit in iteration 40
2026-01-16 17:27:20,196: maxiter hit in iteration 41
2026-01-16 17:27:25,343: maxiter hit in iteration 42
2026-01-16 17:27:32,041: maxiter hit in iteration 43
2026-01-16 17:27:37,215: maxiter hit in iteration 44
2026-01-16 17:27:42,755: maxiter hit in iteration 45
2026-01-16 17:27:51,666: maxiter hit in iteration 46
2026-01-16 17:27:57,480: maxiter hit in iteration 47
2026-01-16 17:28:03,750: maxiter hit in iteration 48
2026-01-16 17:28:10,164: maxiter hit in iteration 49
2026-01-16 17:28:17,740: maxiter hit in iteration 50
2026-01-16 17:28:23,120: maxiter hit in iteration 51
2026-01-16 17:28:28,513: maxiter hit in iteration 52
2026-01-16 17:28:33,880: maxiter hit in iteration 53
2026-01-16 17:28:39,218: maxiter hit in iteration 54
2026-01-16 17:28:44,374: maxiter hit in iteration 55
2026-01-16 17:28:49,786: maxiter hit in iteration 56
2026-01-16 17:28:56,106: maxiter hit in iteration 57
2026-01-16 17:29:01,574: maxiter hit in iteration 58
2026-01-16 17:29:06,703: maxiter hit in iteration 59
2026-01-16 17:29:11,824: maxiter hit in iteration 60
2026-01-16 17:29:17,141: [Epoch 1] Train Loss: 9.44E+00, PSNR: 27.14
2026-01-16 17:29:17,856: maxiter hit in iteration 1
2026-01-16 17:29:23,674: maxiter hit in iteration 2
2026-01-16 17:29:28,868: maxiter hit in iteration 3
2026-01-16 17:29:34,065: maxiter hit in iteration 4
2026-01-16 17:29:39,816: maxiter hit in iteration 5
2026-01-16 17:29:45,517: maxiter hit in iteration 6
2026-01-16 17:29:51,165: maxiter hit in iteration 7
2026-01-16 17:29:58,324: maxiter hit in iteration 8
2026-01-16 17:30:04,280: maxiter hit in iteration 9
2026-01-16 17:30:10,158: maxiter hit in iteration 10
2026-01-16 17:30:15,998: maxiter hit in iteration 11
2026-01-16 17:30:21,751: maxiter hit in iteration 12
2026-01-16 17:30:28,105: maxiter hit in iteration 13
2026-01-16 17:30:33,823: maxiter hit in iteration 14
2026-01-16 17:30:38,964: maxiter hit in iteration 15
2026-01-16 17:30:45,290: maxiter hit in iteration 16
2026-01-16 17:30:50,585: maxiter hit in iteration 17
2026-01-16 17:30:55,895: maxiter hit in iteration 18
2026-01-16 17:31:02,305: maxiter hit in iteration 19
2026-01-16 17:31:07,735: maxiter hit in iteration 20
2026-01-16 17:31:13,049: maxiter hit in iteration 21
2026-01-16 17:31:18,339: maxiter hit in iteration 22
2026-01-16 17:31:24,132: maxiter hit in iteration 23
2026-01-16 17:31:29,655: maxiter hit in iteration 24
2026-01-16 17:31:35,611: maxiter hit in iteration 25
2026-01-16 17:31:40,398: maxiter hit in iteration 26
2026-01-16 17:31:44,895: maxiter hit in iteration 27
2026-01-16 17:31:49,319: maxiter hit in iteration 28
2026-01-16 17:31:53,655: maxiter hit in iteration 29
2026-01-16 17:31:58,085: maxiter hit in iteration 30
2026-01-16 17:32:03,299: maxiter hit in iteration 31
2026-01-16 17:32:09,131: maxiter hit in iteration 32
2026-01-16 17:32:16,403: maxiter hit in iteration 33
2026-01-16 17:32:21,119: maxiter hit in iteration 34
2026-01-16 17:32:26,260: maxiter hit in iteration 35
2026-01-16 17:32:30,671: maxiter hit in iteration 36
2026-01-16 17:32:35,029: maxiter hit in iteration 37
2026-01-16 17:32:39,432: maxiter hit in iteration 38
2026-01-16 17:32:44,738: maxiter hit in iteration 39
2026-01-16 17:32:50,088: maxiter hit in iteration 40
2026-01-16 17:32:55,025: maxiter hit in iteration 41
2026-01-16 17:32:59,581: maxiter hit in iteration 42
2026-01-16 17:33:04,555: maxiter hit in iteration 43
2026-01-16 17:33:09,477: maxiter hit in iteration 44
2026-01-16 17:33:13,930: maxiter hit in iteration 45
2026-01-16 17:33:18,359: maxiter hit in iteration 46
2026-01-16 17:33:22,755: maxiter hit in iteration 47
2026-01-16 17:33:27,261: maxiter hit in iteration 48
2026-01-16 17:33:31,675: maxiter hit in iteration 49
2026-01-16 17:33:36,016: maxiter hit in iteration 50
2026-01-16 17:33:40,453: maxiter hit in iteration 51
2026-01-16 17:33:44,835: maxiter hit in iteration 52
2026-01-16 17:33:49,335: maxiter hit in iteration 53
2026-01-16 17:33:54,664: maxiter hit in iteration 54
2026-01-16 17:33:59,101: maxiter hit in iteration 55
2026-01-16 17:34:03,470: maxiter hit in iteration 56
2026-01-16 17:34:08,681: maxiter hit in iteration 57
2026-01-16 17:34:13,661: maxiter hit in iteration 58
2026-01-16 17:34:21,648: maxiter hit in iteration 59
2026-01-16 17:34:27,173: maxiter hit in iteration 60
2026-01-16 17:34:32,868: [Epoch 2] Train Loss: 7.60E+00, PSNR: 28.25
2026-01-16 17:34:33,755: maxiter hit in iteration 1
2026-01-16 17:34:38,400: maxiter hit in iteration 2
2026-01-16 17:34:43,061: maxiter hit in iteration 3
2026-01-16 17:34:47,697: maxiter hit in iteration 4
2026-01-16 17:34:52,139: maxiter hit in iteration 5
2026-01-16 17:34:57,550: maxiter hit in iteration 6
2026-01-16 17:35:02,923: maxiter hit in iteration 7
2026-01-16 17:35:09,496: maxiter hit in iteration 8
2026-01-16 17:35:15,017: maxiter hit in iteration 9
2026-01-16 17:35:19,936: maxiter hit in iteration 10
2026-01-16 17:35:24,574: maxiter hit in iteration 11
2026-01-16 17:35:29,005: maxiter hit in iteration 12
2026-01-16 17:35:33,510: maxiter hit in iteration 13
2026-01-16 17:35:38,079: maxiter hit in iteration 14
2026-01-16 17:35:42,440: maxiter hit in iteration 15
2026-01-16 17:35:46,979: maxiter hit in iteration 16
2026-01-16 17:35:51,404: maxiter hit in iteration 17
2026-01-16 17:35:56,125: maxiter hit in iteration 18
2026-01-16 17:36:00,578: maxiter hit in iteration 19
2026-01-16 17:36:05,036: maxiter hit in iteration 20
2026-01-16 17:36:09,444: maxiter hit in iteration 21
2026-01-16 17:36:14,600: maxiter hit in iteration 22
2026-01-16 17:36:19,085: maxiter hit in iteration 23
2026-01-16 17:36:24,406: maxiter hit in iteration 24
2026-01-16 17:36:28,950: maxiter hit in iteration 25
2026-01-16 17:36:33,507: maxiter hit in iteration 26
2026-01-16 17:36:37,899: maxiter hit in iteration 27
2026-01-16 17:36:42,210: maxiter hit in iteration 28
2026-01-16 17:36:48,032: maxiter hit in iteration 29
2026-01-16 17:36:52,553: maxiter hit in iteration 30
2026-01-16 17:36:57,044: maxiter hit in iteration 31
2026-01-16 17:37:01,532: maxiter hit in iteration 32
2026-01-16 17:37:05,921: maxiter hit in iteration 33
2026-01-16 17:37:10,614: maxiter hit in iteration 34
2026-01-16 17:37:16,416: maxiter hit in iteration 35
2026-01-16 17:37:20,914: maxiter hit in iteration 36
2026-01-16 17:37:25,309: maxiter hit in iteration 37
2026-01-16 17:37:29,716: maxiter hit in iteration 38
2026-01-16 17:37:35,736: maxiter hit in iteration 39
2026-01-16 17:37:40,164: maxiter hit in iteration 40
2026-01-16 17:37:44,616: maxiter hit in iteration 41
2026-01-16 17:37:49,124: maxiter hit in iteration 42
2026-01-16 17:37:54,124: maxiter hit in iteration 43
2026-01-16 17:37:59,684: maxiter hit in iteration 44
2026-01-16 17:38:04,124: maxiter hit in iteration 45
2026-01-16 17:38:09,226: maxiter hit in iteration 46
2026-01-16 17:38:13,804: maxiter hit in iteration 47
2026-01-16 17:38:20,407: maxiter hit in iteration 48
2026-01-16 17:38:24,844: maxiter hit in iteration 49
2026-01-16 17:38:29,285: maxiter hit in iteration 50
2026-01-16 17:38:33,712: maxiter hit in iteration 51
2026-01-16 17:38:38,309: maxiter hit in iteration 52
2026-01-16 17:38:42,888: maxiter hit in iteration 53
2026-01-16 17:38:47,233: maxiter hit in iteration 54
2026-01-16 17:38:51,604: maxiter hit in iteration 55
2026-01-16 17:38:56,060: maxiter hit in iteration 56
2026-01-16 17:39:00,584: maxiter hit in iteration 57
2026-01-16 17:39:04,971: maxiter hit in iteration 58
2026-01-16 17:39:09,347: maxiter hit in iteration 59
2026-01-16 17:39:13,721: maxiter hit in iteration 60
2026-01-16 17:39:17,739: [Epoch 3] Train Loss: 7.91E+00, PSNR: 28.05
2026-01-16 17:39:18,316: maxiter hit in iteration 1
2026-01-16 17:39:24,182: maxiter hit in iteration 2
2026-01-16 17:39:28,996: maxiter hit in iteration 3
2026-01-16 17:39:33,620: maxiter hit in iteration 4
2026-01-16 17:39:38,351: maxiter hit in iteration 5
2026-01-16 17:39:42,899: maxiter hit in iteration 6
2026-01-16 17:39:47,569: maxiter hit in iteration 7
2026-01-16 17:39:52,236: maxiter hit in iteration 8
2026-01-16 17:39:56,891: maxiter hit in iteration 9
2026-01-16 17:40:01,558: maxiter hit in iteration 10
2026-01-16 17:40:06,161: maxiter hit in iteration 11
2026-01-16 17:40:10,947: maxiter hit in iteration 12
2026-01-16 17:40:15,776: maxiter hit in iteration 13
2026-01-16 17:40:20,438: maxiter hit in iteration 14
2026-01-16 17:40:25,797: maxiter hit in iteration 15
2026-01-16 17:40:30,373: maxiter hit in iteration 16
2026-01-16 17:40:35,040: maxiter hit in iteration 17
2026-01-16 17:40:39,818: maxiter hit in iteration 18
2026-01-16 17:40:44,500: maxiter hit in iteration 19
2026-01-16 17:40:49,083: maxiter hit in iteration 20
2026-01-16 17:40:53,653: maxiter hit in iteration 21
2026-01-16 17:40:58,241: maxiter hit in iteration 22
2026-01-16 17:41:03,157: maxiter hit in iteration 23
2026-01-16 17:41:07,733: maxiter hit in iteration 24
2026-01-16 17:41:12,433: maxiter hit in iteration 25
2026-01-16 17:41:17,161: maxiter hit in iteration 26
2026-01-16 17:41:21,843: maxiter hit in iteration 27
2026-01-16 17:41:29,173: maxiter hit in iteration 28
2026-01-16 17:41:33,835: maxiter hit in iteration 29
2026-01-16 17:41:38,537: maxiter hit in iteration 30
2026-01-16 17:41:43,173: maxiter hit in iteration 31
2026-01-16 17:41:47,807: maxiter hit in iteration 32
2026-01-16 17:41:52,382: maxiter hit in iteration 33
2026-01-16 17:41:57,129: maxiter hit in iteration 34
2026-01-16 17:42:01,833: maxiter hit in iteration 35
2026-01-16 17:42:06,470: maxiter hit in iteration 36
2026-01-16 17:42:11,063: maxiter hit in iteration 37
2026-01-16 17:42:18,356: maxiter hit in iteration 38
2026-01-16 17:42:23,503: maxiter hit in iteration 39
2026-01-16 17:42:28,296: maxiter hit in iteration 40
2026-01-16 17:42:33,605: maxiter hit in iteration 41
2026-01-16 17:42:38,247: maxiter hit in iteration 42
2026-01-16 17:42:42,852: maxiter hit in iteration 43
2026-01-16 17:42:48,538: maxiter hit in iteration 44
2026-01-16 17:42:53,650: maxiter hit in iteration 45
2026-01-16 17:42:58,757: maxiter hit in iteration 46
2026-01-16 17:43:03,540: maxiter hit in iteration 47
2026-01-16 17:43:08,062: maxiter hit in iteration 48
2026-01-16 17:43:12,465: maxiter hit in iteration 49
2026-01-16 17:43:16,953: maxiter hit in iteration 50
2026-01-16 17:43:21,523: maxiter hit in iteration 51
2026-01-16 17:43:25,887: maxiter hit in iteration 52
2026-01-16 17:43:30,463: maxiter hit in iteration 53
2026-01-16 17:43:35,693: maxiter hit in iteration 54
2026-01-16 17:43:40,252: maxiter hit in iteration 55
2026-01-16 17:43:44,651: maxiter hit in iteration 56
2026-01-16 17:43:49,072: maxiter hit in iteration 57
2026-01-16 17:43:53,826: maxiter hit in iteration 58
2026-01-16 17:43:58,376: maxiter hit in iteration 59
2026-01-16 17:44:03,006: maxiter hit in iteration 60
2026-01-16 17:44:06,947: [Epoch 4] Train Loss: 8.40E+00, PSNR: 27.86
2026-01-16 17:44:07,606: maxiter hit in iteration 1
2026-01-16 17:44:12,907: maxiter hit in iteration 2
2026-01-16 17:44:17,795: maxiter hit in iteration 3
2026-01-16 17:44:22,264: maxiter hit in iteration 4
2026-01-16 17:44:26,676: maxiter hit in iteration 5
2026-01-16 17:44:31,134: maxiter hit in iteration 6
2026-01-16 17:44:36,314: maxiter hit in iteration 7
2026-01-16 17:44:40,742: maxiter hit in iteration 8
2026-01-16 17:44:45,125: maxiter hit in iteration 9
2026-01-16 17:44:49,560: maxiter hit in iteration 10
2026-01-16 17:44:54,056: maxiter hit in iteration 11
2026-01-16 17:44:59,167: maxiter hit in iteration 12
2026-01-16 17:45:04,474: maxiter hit in iteration 13
2026-01-16 17:45:09,544: maxiter hit in iteration 14
2026-01-16 17:45:14,068: maxiter hit in iteration 15
2026-01-16 17:45:18,472: maxiter hit in iteration 16
2026-01-16 17:45:22,900: maxiter hit in iteration 17
2026-01-16 17:45:27,332: maxiter hit in iteration 18
2026-01-16 17:45:31,737: maxiter hit in iteration 19
2026-01-16 17:45:36,320: maxiter hit in iteration 20
2026-01-16 17:45:41,486: maxiter hit in iteration 21
2026-01-16 17:45:45,812: maxiter hit in iteration 22
2026-01-16 17:45:50,610: maxiter hit in iteration 23
2026-01-16 17:45:55,864: maxiter hit in iteration 24
2026-01-16 17:46:00,368: maxiter hit in iteration 25
2026-01-16 17:46:05,998: maxiter hit in iteration 26
2026-01-16 17:46:10,396: maxiter hit in iteration 27
2026-01-16 17:46:14,787: maxiter hit in iteration 28
2026-01-16 17:46:19,282: maxiter hit in iteration 29
2026-01-16 17:46:23,814: maxiter hit in iteration 30
2026-01-16 17:46:28,344: maxiter hit in iteration 31
2026-01-16 17:46:34,249: maxiter hit in iteration 32
2026-01-16 17:46:38,960: maxiter hit in iteration 33
2026-01-16 17:46:44,152: maxiter hit in iteration 34
2026-01-16 17:46:48,615: maxiter hit in iteration 35
2026-01-16 17:46:53,272: maxiter hit in iteration 36
2026-01-16 17:46:57,802: maxiter hit in iteration 37
2026-01-16 17:47:02,989: maxiter hit in iteration 38
2026-01-16 17:47:07,643: maxiter hit in iteration 39
2026-01-16 17:47:12,323: maxiter hit in iteration 40
2026-01-16 17:47:17,128: maxiter hit in iteration 41
2026-01-16 17:47:22,130: maxiter hit in iteration 42
2026-01-16 17:47:26,758: maxiter hit in iteration 43
2026-01-16 17:47:31,375: maxiter hit in iteration 44
2026-01-16 17:47:36,181: maxiter hit in iteration 45
2026-01-16 17:47:40,851: maxiter hit in iteration 46
2026-01-16 17:47:46,199: maxiter hit in iteration 47
2026-01-16 17:47:51,139: maxiter hit in iteration 48
2026-01-16 17:47:56,805: maxiter hit in iteration 49
2026-01-16 17:48:01,741: maxiter hit in iteration 50
2026-01-16 17:48:07,343: maxiter hit in iteration 51
2026-01-16 17:48:12,047: maxiter hit in iteration 52
2026-01-16 17:48:16,906: maxiter hit in iteration 53
2026-01-16 17:48:21,704: maxiter hit in iteration 54
2026-01-16 17:48:26,315: maxiter hit in iteration 55
2026-01-16 17:48:31,031: maxiter hit in iteration 56
2026-01-16 17:48:35,609: maxiter hit in iteration 57
2026-01-16 17:48:40,207: maxiter hit in iteration 58
2026-01-16 17:48:46,199: maxiter hit in iteration 59
2026-01-16 17:48:53,103: maxiter hit in iteration 60
2026-01-16 17:48:59,529: [Epoch 5] Train Loss: 7.56E+00, PSNR: 28.14
2026-01-16 17:49:30,395: [Epoch 5] Val Loss: 9.39E+00, PSNR: 27.27
2026-01-16 17:49:31,557: maxiter hit in iteration 1
2026-01-16 17:49:38,043: maxiter hit in iteration 2
2026-01-16 17:49:43,122: maxiter hit in iteration 3
2026-01-16 17:49:48,789: maxiter hit in iteration 4
2026-01-16 17:49:54,433: maxiter hit in iteration 5
2026-01-16 17:50:00,104: maxiter hit in iteration 6
2026-01-16 17:50:05,196: maxiter hit in iteration 7
2026-01-16 17:50:10,432: maxiter hit in iteration 8
2026-01-16 17:50:15,565: maxiter hit in iteration 9
2026-01-16 17:50:20,831: maxiter hit in iteration 10
2026-01-16 17:50:26,252: maxiter hit in iteration 11
2026-01-16 17:50:32,196: maxiter hit in iteration 12
2026-01-16 17:50:38,136: maxiter hit in iteration 13
2026-01-16 17:50:46,725: maxiter hit in iteration 14
2026-01-16 17:50:52,434: maxiter hit in iteration 15
2026-01-16 17:50:57,505: maxiter hit in iteration 16
2026-01-16 17:51:04,671: maxiter hit in iteration 17
2026-01-16 17:51:10,360: maxiter hit in iteration 18
2026-01-16 17:51:16,990: maxiter hit in iteration 19
2026-01-16 17:51:25,671: maxiter hit in iteration 20
2026-01-16 17:51:32,873: maxiter hit in iteration 21
2026-01-16 17:51:38,760: maxiter hit in iteration 22
2026-01-16 17:51:44,281: maxiter hit in iteration 23
2026-01-16 17:51:50,062: maxiter hit in iteration 24
2026-01-16 17:51:56,979: maxiter hit in iteration 25
2026-01-16 17:52:02,374: maxiter hit in iteration 26
2026-01-16 17:52:07,711: maxiter hit in iteration 27
2026-01-16 17:52:14,887: maxiter hit in iteration 28
2026-01-16 17:52:21,889: maxiter hit in iteration 29
2026-01-16 17:52:28,650: maxiter hit in iteration 30
2026-01-16 17:52:34,694: maxiter hit in iteration 31
2026-01-16 17:52:40,273: maxiter hit in iteration 32
2026-01-16 17:52:45,997: maxiter hit in iteration 33
2026-01-16 17:52:54,540: maxiter hit in iteration 34
2026-01-16 17:53:08,008: maxiter hit in iteration 35
2026-01-16 17:53:13,740: maxiter hit in iteration 36
2026-01-16 17:53:18,770: maxiter hit in iteration 37
2026-01-16 17:53:24,100: maxiter hit in iteration 38
2026-01-16 17:53:29,550: maxiter hit in iteration 39
2026-01-16 17:53:34,481: maxiter hit in iteration 40
2026-01-16 17:53:39,180: maxiter hit in iteration 41
2026-01-16 17:53:43,850: maxiter hit in iteration 42
2026-01-16 17:53:49,166: maxiter hit in iteration 43
2026-01-16 17:53:54,326: maxiter hit in iteration 44
2026-01-16 17:54:01,501: maxiter hit in iteration 45
2026-01-16 17:54:07,542: maxiter hit in iteration 46
2026-01-16 17:54:11,924: maxiter hit in iteration 47
2026-01-16 17:54:16,398: maxiter hit in iteration 48
2026-01-16 17:54:21,062: maxiter hit in iteration 49
2026-01-16 17:54:25,432: maxiter hit in iteration 50
2026-01-16 17:54:29,858: maxiter hit in iteration 51
2026-01-16 17:54:34,313: maxiter hit in iteration 52
2026-01-16 17:54:38,632: maxiter hit in iteration 53
2026-01-16 17:54:43,048: maxiter hit in iteration 54
2026-01-16 17:54:47,363: maxiter hit in iteration 55
2026-01-16 17:54:51,732: maxiter hit in iteration 56
2026-01-16 17:54:56,254: maxiter hit in iteration 57
2026-01-16 17:55:00,705: maxiter hit in iteration 58
2026-01-16 17:55:06,104: maxiter hit in iteration 59
2026-01-16 17:55:11,855: maxiter hit in iteration 60
2026-01-16 17:55:16,009: [Epoch 6] Train Loss: 7.23E+00, PSNR: 28.21
2026-01-16 17:55:16,609: maxiter hit in iteration 1
2026-01-16 17:55:21,276: maxiter hit in iteration 2
2026-01-16 17:55:26,913: maxiter hit in iteration 3
2026-01-16 17:55:31,262: maxiter hit in iteration 4
2026-01-16 17:55:35,585: maxiter hit in iteration 5
2026-01-16 17:55:39,972: maxiter hit in iteration 6
2026-01-16 17:55:44,397: maxiter hit in iteration 7
2026-01-16 17:55:48,735: maxiter hit in iteration 8
2026-01-16 17:55:53,051: maxiter hit in iteration 9
2026-01-16 17:55:57,557: maxiter hit in iteration 10
2026-01-16 17:56:01,875: maxiter hit in iteration 11
2026-01-16 17:56:06,149: maxiter hit in iteration 12
2026-01-16 17:56:11,842: maxiter hit in iteration 13
2026-01-16 17:56:19,172: maxiter hit in iteration 14
2026-01-16 17:56:23,693: maxiter hit in iteration 15
2026-01-16 17:56:28,116: maxiter hit in iteration 16
2026-01-16 17:56:34,169: maxiter hit in iteration 17
2026-01-16 17:56:41,401: maxiter hit in iteration 18
2026-01-16 17:56:46,376: maxiter hit in iteration 19
2026-01-16 17:56:50,986: maxiter hit in iteration 20
2026-01-16 17:56:55,504: maxiter hit in iteration 21
2026-01-16 17:57:00,030: maxiter hit in iteration 22
2026-01-16 17:57:04,780: maxiter hit in iteration 23
2026-01-16 17:57:09,456: maxiter hit in iteration 24
2026-01-16 17:57:14,633: maxiter hit in iteration 25
2026-01-16 17:57:19,149: maxiter hit in iteration 26
2026-01-16 17:57:23,632: maxiter hit in iteration 27
2026-01-16 17:57:28,480: maxiter hit in iteration 28
2026-01-16 17:57:33,036: maxiter hit in iteration 29
2026-01-16 17:57:37,530: maxiter hit in iteration 30
2026-01-16 17:57:42,047: maxiter hit in iteration 31
2026-01-16 17:57:46,536: maxiter hit in iteration 32
2026-01-16 17:57:51,205: maxiter hit in iteration 33
2026-01-16 17:57:56,088: maxiter hit in iteration 34
2026-01-16 17:58:01,369: maxiter hit in iteration 35
2026-01-16 17:58:08,037: maxiter hit in iteration 36
2026-01-16 17:58:12,671: maxiter hit in iteration 37
2026-01-16 17:58:18,032: maxiter hit in iteration 38
2026-01-16 17:58:22,579: maxiter hit in iteration 39
2026-01-16 17:58:27,246: maxiter hit in iteration 40
2026-01-16 17:58:31,780: maxiter hit in iteration 41
2026-01-16 17:58:36,288: maxiter hit in iteration 42
2026-01-16 17:58:40,794: maxiter hit in iteration 43
2026-01-16 17:58:45,301: maxiter hit in iteration 44
2026-01-16 17:58:49,749: maxiter hit in iteration 45
2026-01-16 17:58:54,379: maxiter hit in iteration 46
2026-01-16 17:58:58,933: maxiter hit in iteration 47
2026-01-16 17:59:03,488: maxiter hit in iteration 48
2026-01-16 17:59:07,958: maxiter hit in iteration 49
2026-01-16 17:59:12,438: maxiter hit in iteration 50
2026-01-16 17:59:17,504: maxiter hit in iteration 51
2026-01-16 17:59:22,289: maxiter hit in iteration 52
2026-01-16 17:59:26,883: maxiter hit in iteration 53
2026-01-16 17:59:31,589: maxiter hit in iteration 54
2026-01-16 17:59:36,035: maxiter hit in iteration 55
2026-01-16 17:59:40,575: maxiter hit in iteration 56
2026-01-16 17:59:45,040: maxiter hit in iteration 57
2026-01-16 17:59:49,547: maxiter hit in iteration 58
2026-01-16 17:59:54,188: maxiter hit in iteration 59
2026-01-16 17:59:58,687: maxiter hit in iteration 60
2026-01-16 18:00:03,377: [Epoch 7] Train Loss: 8.58E+00, PSNR: 27.66
2026-01-16 18:00:04,080: maxiter hit in iteration 1
2026-01-16 18:00:08,871: maxiter hit in iteration 2
2026-01-16 18:00:13,361: maxiter hit in iteration 3
2026-01-16 18:00:17,853: maxiter hit in iteration 4
2026-01-16 18:00:23,211: maxiter hit in iteration 5
2026-01-16 18:00:27,736: maxiter hit in iteration 6
2026-01-16 18:00:32,348: maxiter hit in iteration 7
2026-01-16 18:00:36,869: maxiter hit in iteration 8
2026-01-16 18:00:41,496: maxiter hit in iteration 9
2026-01-16 18:00:45,908: maxiter hit in iteration 10
2026-01-16 18:00:50,386: maxiter hit in iteration 11
2026-01-16 18:00:56,011: maxiter hit in iteration 12
2026-01-16 18:01:00,677: maxiter hit in iteration 13
2026-01-16 18:01:05,240: maxiter hit in iteration 14
2026-01-16 18:01:09,745: maxiter hit in iteration 15
2026-01-16 18:01:14,390: maxiter hit in iteration 16
2026-01-16 18:01:19,991: maxiter hit in iteration 17
2026-01-16 18:01:25,317: maxiter hit in iteration 18
2026-01-16 18:01:29,931: maxiter hit in iteration 19
2026-01-16 18:01:34,502: maxiter hit in iteration 20
2026-01-16 18:01:39,081: maxiter hit in iteration 21
2026-01-16 18:01:43,637: maxiter hit in iteration 22
2026-01-16 18:01:48,163: maxiter hit in iteration 23
2026-01-16 18:01:52,658: maxiter hit in iteration 24
2026-01-16 18:01:57,263: maxiter hit in iteration 25
2026-01-16 18:02:02,019: maxiter hit in iteration 26
2026-01-16 18:02:06,554: maxiter hit in iteration 27
2026-01-16 18:02:11,041: maxiter hit in iteration 28
2026-01-16 18:02:17,503: maxiter hit in iteration 29
2026-01-16 18:02:22,314: maxiter hit in iteration 30
2026-01-16 18:02:27,826: maxiter hit in iteration 31
2026-01-16 18:02:32,537: maxiter hit in iteration 32
2026-01-16 18:02:37,050: maxiter hit in iteration 33
2026-01-16 18:02:41,525: maxiter hit in iteration 34
2026-01-16 18:02:46,053: maxiter hit in iteration 35
2026-01-16 18:02:50,713: maxiter hit in iteration 36
2026-01-16 18:02:55,254: maxiter hit in iteration 37
2026-01-16 18:02:59,800: maxiter hit in iteration 38
2026-01-16 18:03:05,250: maxiter hit in iteration 39
2026-01-16 18:03:10,262: maxiter hit in iteration 40
2026-01-16 18:03:14,775: maxiter hit in iteration 41
2026-01-16 18:03:19,267: maxiter hit in iteration 42
2026-01-16 18:03:24,199: maxiter hit in iteration 43
2026-01-16 18:03:29,386: maxiter hit in iteration 44
2026-01-16 18:03:33,938: maxiter hit in iteration 45
2026-01-16 18:03:38,427: maxiter hit in iteration 46
2026-01-16 18:03:42,990: maxiter hit in iteration 47
2026-01-16 18:03:47,495: maxiter hit in iteration 48
2026-01-16 18:03:52,370: maxiter hit in iteration 49
2026-01-16 18:03:56,948: maxiter hit in iteration 50
2026-01-16 18:04:01,599: maxiter hit in iteration 51
2026-01-16 18:04:06,095: maxiter hit in iteration 52
2026-01-16 18:04:10,629: maxiter hit in iteration 53
2026-01-16 18:04:15,146: maxiter hit in iteration 54
2026-01-16 18:04:19,839: maxiter hit in iteration 55
2026-01-16 18:04:24,477: maxiter hit in iteration 56
2026-01-16 18:04:29,099: maxiter hit in iteration 57
2026-01-16 18:04:34,230: maxiter hit in iteration 58
2026-01-16 18:04:38,835: maxiter hit in iteration 59
2026-01-16 18:04:43,773: maxiter hit in iteration 60
2026-01-16 18:04:47,809: [Epoch 8] Train Loss: 7.80E+00, PSNR: 28.10
2026-01-16 18:04:48,398: maxiter hit in iteration 1
2026-01-16 18:04:52,938: maxiter hit in iteration 2
2026-01-16 18:04:57,439: maxiter hit in iteration 3
2026-01-16 18:05:02,013: maxiter hit in iteration 4
2026-01-16 18:05:07,058: maxiter hit in iteration 5
2026-01-16 18:05:11,755: maxiter hit in iteration 6
2026-01-16 18:05:16,768: maxiter hit in iteration 7
2026-01-16 18:05:21,366: maxiter hit in iteration 8
2026-01-16 18:05:25,853: maxiter hit in iteration 9
2026-01-16 18:05:30,446: maxiter hit in iteration 10
2026-01-16 18:05:35,723: maxiter hit in iteration 11
2026-01-16 18:05:40,255: maxiter hit in iteration 12
2026-01-16 18:05:44,779: maxiter hit in iteration 13
2026-01-16 18:05:49,362: maxiter hit in iteration 14
2026-01-16 18:05:55,653: maxiter hit in iteration 15
2026-01-16 18:06:00,976: maxiter hit in iteration 16
2026-01-16 18:06:05,246: maxiter hit in iteration 17
2026-01-16 18:06:09,923: maxiter hit in iteration 18
2026-01-16 18:06:14,268: maxiter hit in iteration 19
2026-01-16 18:06:18,832: maxiter hit in iteration 20
2026-01-16 18:06:23,346: maxiter hit in iteration 21
2026-01-16 18:06:27,630: maxiter hit in iteration 22
2026-01-16 18:06:32,135: maxiter hit in iteration 23
2026-01-16 18:06:37,595: maxiter hit in iteration 24
2026-01-16 18:06:42,105: maxiter hit in iteration 25
2026-01-16 18:06:46,507: maxiter hit in iteration 26
2026-01-16 18:06:51,016: maxiter hit in iteration 27
2026-01-16 18:06:56,011: maxiter hit in iteration 28
2026-01-16 18:07:00,811: maxiter hit in iteration 29
2026-01-16 18:07:07,689: maxiter hit in iteration 30
2026-01-16 18:07:12,075: maxiter hit in iteration 31
2026-01-16 18:07:16,490: maxiter hit in iteration 32
2026-01-16 18:07:20,783: maxiter hit in iteration 33
2026-01-16 18:07:25,746: maxiter hit in iteration 34
2026-01-16 18:07:30,386: maxiter hit in iteration 35
2026-01-16 18:07:34,717: maxiter hit in iteration 36
2026-01-16 18:07:39,704: maxiter hit in iteration 37
2026-01-16 18:07:44,046: maxiter hit in iteration 38
2026-01-16 18:07:48,392: maxiter hit in iteration 39
2026-01-16 18:07:52,882: maxiter hit in iteration 40
2026-01-16 18:07:57,243: maxiter hit in iteration 41
2026-01-16 18:08:01,653: maxiter hit in iteration 42
2026-01-16 18:08:06,628: maxiter hit in iteration 43
2026-01-16 18:08:10,899: maxiter hit in iteration 44
2026-01-16 18:08:15,296: maxiter hit in iteration 45
2026-01-16 18:08:19,712: maxiter hit in iteration 46
2026-01-16 18:08:23,981: maxiter hit in iteration 47
2026-01-16 18:08:28,294: maxiter hit in iteration 48
2026-01-16 18:08:32,633: maxiter hit in iteration 49
2026-01-16 18:08:36,809: maxiter hit in iteration 50
2026-01-16 18:08:41,931: maxiter hit in iteration 51
2026-01-16 18:08:46,226: maxiter hit in iteration 52
2026-01-16 18:08:50,868: maxiter hit in iteration 53
2026-01-16 18:08:55,847: maxiter hit in iteration 54
2026-01-16 18:09:00,619: maxiter hit in iteration 55
2026-01-16 18:09:04,910: maxiter hit in iteration 56
2026-01-16 18:09:09,216: maxiter hit in iteration 57
2026-01-16 18:09:13,420: maxiter hit in iteration 58
2026-01-16 18:09:18,073: maxiter hit in iteration 59
2026-01-16 18:09:23,370: maxiter hit in iteration 60
2026-01-16 18:09:27,093: [Epoch 9] Train Loss: 7.34E+00, PSNR: 28.30
2026-01-16 18:09:27,642: maxiter hit in iteration 1
2026-01-16 18:09:31,863: maxiter hit in iteration 2
2026-01-16 18:09:36,365: maxiter hit in iteration 3
2026-01-16 18:09:40,556: maxiter hit in iteration 4
2026-01-16 18:09:45,470: maxiter hit in iteration 5
2026-01-16 18:09:49,672: maxiter hit in iteration 6
2026-01-16 18:09:53,893: maxiter hit in iteration 7
2026-01-16 18:09:58,443: maxiter hit in iteration 8
2026-01-16 18:10:02,661: maxiter hit in iteration 9
2026-01-16 18:10:06,813: maxiter hit in iteration 10
2026-01-16 18:10:11,467: maxiter hit in iteration 11
2026-01-16 18:10:15,697: maxiter hit in iteration 12
2026-01-16 18:10:19,878: maxiter hit in iteration 13
2026-01-16 18:10:24,022: maxiter hit in iteration 14
2026-01-16 18:10:28,256: maxiter hit in iteration 15
2026-01-16 18:10:32,407: maxiter hit in iteration 16
2026-01-16 18:10:36,662: maxiter hit in iteration 17
2026-01-16 18:10:40,817: maxiter hit in iteration 18
2026-01-16 18:10:45,120: maxiter hit in iteration 19
2026-01-16 18:10:50,318: maxiter hit in iteration 20
2026-01-16 18:10:54,527: maxiter hit in iteration 21
2026-01-16 18:10:58,751: maxiter hit in iteration 22
2026-01-16 18:11:03,018: maxiter hit in iteration 23
2026-01-16 18:11:07,611: maxiter hit in iteration 24
2026-01-16 18:11:12,246: maxiter hit in iteration 25
2026-01-16 18:11:16,708: maxiter hit in iteration 26
2026-01-16 18:11:21,131: maxiter hit in iteration 27
2026-01-16 18:11:25,586: maxiter hit in iteration 28
2026-01-16 18:11:29,954: maxiter hit in iteration 29
2026-01-16 18:11:34,345: maxiter hit in iteration 30
2026-01-16 18:11:38,876: maxiter hit in iteration 31
2026-01-16 18:11:43,351: maxiter hit in iteration 32
2026-01-16 18:11:47,930: maxiter hit in iteration 33
2026-01-16 18:11:52,782: maxiter hit in iteration 34
2026-01-16 18:11:57,191: maxiter hit in iteration 35
2026-01-16 18:12:01,766: maxiter hit in iteration 36
2026-01-16 18:12:06,187: maxiter hit in iteration 37
2026-01-16 18:12:10,594: maxiter hit in iteration 38
2026-01-16 18:12:16,738: maxiter hit in iteration 39
2026-01-16 18:12:21,484: maxiter hit in iteration 40
2026-01-16 18:12:25,869: maxiter hit in iteration 41
2026-01-16 18:12:30,272: maxiter hit in iteration 42
2026-01-16 18:12:35,055: maxiter hit in iteration 43
2026-01-16 18:12:39,454: maxiter hit in iteration 44
2026-01-16 18:12:43,890: maxiter hit in iteration 45
2026-01-16 18:12:48,279: maxiter hit in iteration 46
2026-01-16 18:12:53,836: maxiter hit in iteration 47
2026-01-16 18:12:58,456: maxiter hit in iteration 48
2026-01-16 18:13:03,018: maxiter hit in iteration 49
2026-01-16 18:13:07,661: maxiter hit in iteration 50
2026-01-16 18:13:12,079: maxiter hit in iteration 51
2026-01-16 18:13:16,476: maxiter hit in iteration 52
2026-01-16 18:13:20,756: maxiter hit in iteration 53
2026-01-16 18:13:25,162: maxiter hit in iteration 54
2026-01-16 18:13:29,652: maxiter hit in iteration 55
2026-01-16 18:13:34,197: maxiter hit in iteration 56
2026-01-16 18:13:38,672: maxiter hit in iteration 57
2026-01-16 18:13:43,649: maxiter hit in iteration 58
2026-01-16 18:13:48,936: maxiter hit in iteration 59
2026-01-16 18:13:55,678: maxiter hit in iteration 60
2026-01-16 18:14:02,378: [Epoch 10] Train Loss: 8.12E+00, PSNR: 27.98
2026-01-16 18:14:20,489: [Epoch 10] Val Loss: 9.17E+00, PSNR: 27.35
2026-01-16 18:14:20,491: 
IFT completed in 3042.3s
2026-01-16 18:14:20,491:   Final Train Loss: 8.1206
2026-01-16 18:14:20,491:   Final Train PSNR: 27.98 dB
2026-01-16 18:14:20,491:   Final Val Loss: 9.1716
2026-01-16 18:14:20,491:   Final Val PSNR: 27.35 dB
2026-01-16 18:14:20,494: 
======================================================================
2026-01-16 18:14:20,494: Running JFB
2026-01-16 18:14:20,495: ======================================================================
2026-01-16 18:14:20,515: Loaded pretrained weights from weights/score_for_Denoising/CRR_score_training_for_Denoising.pt
2026-01-16 18:14:23,110: maxiter hit in iteration 6
2026-01-16 18:14:23,795: maxiter hit in iteration 7
2026-01-16 18:14:24,498: maxiter hit in iteration 8
2026-01-16 18:14:25,186: maxiter hit in iteration 9
2026-01-16 18:14:25,889: maxiter hit in iteration 10
2026-01-16 18:14:26,574: maxiter hit in iteration 11
2026-01-16 18:14:27,245: maxiter hit in iteration 12
2026-01-16 18:14:27,915: maxiter hit in iteration 13
2026-01-16 18:14:28,545: maxiter hit in iteration 14
2026-01-16 18:14:29,196: maxiter hit in iteration 15
2026-01-16 18:14:29,889: maxiter hit in iteration 16
2026-01-16 18:14:30,671: maxiter hit in iteration 17
2026-01-16 18:14:31,366: maxiter hit in iteration 18
2026-01-16 18:14:32,035: maxiter hit in iteration 19
2026-01-16 18:14:32,695: maxiter hit in iteration 20
2026-01-16 18:14:33,324: maxiter hit in iteration 21
2026-01-16 18:14:34,006: maxiter hit in iteration 22
2026-01-16 18:14:34,662: maxiter hit in iteration 23
2026-01-16 18:14:35,314: maxiter hit in iteration 24
2026-01-16 18:14:36,019: maxiter hit in iteration 25
2026-01-16 18:14:36,674: maxiter hit in iteration 26
2026-01-16 18:14:37,304: maxiter hit in iteration 27
2026-01-16 18:14:37,918: maxiter hit in iteration 28
2026-01-16 18:14:38,596: maxiter hit in iteration 29
2026-01-16 18:14:39,223: maxiter hit in iteration 30
2026-01-16 18:14:39,887: maxiter hit in iteration 31
2026-01-16 18:14:40,535: maxiter hit in iteration 32
2026-01-16 18:14:41,190: maxiter hit in iteration 33
2026-01-16 18:14:41,839: maxiter hit in iteration 34
2026-01-16 18:14:42,506: maxiter hit in iteration 35
2026-01-16 18:14:43,169: maxiter hit in iteration 36
2026-01-16 18:14:43,911: maxiter hit in iteration 37
2026-01-16 18:14:44,582: maxiter hit in iteration 38
2026-01-16 18:14:45,213: maxiter hit in iteration 39
2026-01-16 18:14:45,953: maxiter hit in iteration 40
2026-01-16 18:14:46,627: maxiter hit in iteration 41
2026-01-16 18:14:47,317: maxiter hit in iteration 42
2026-01-16 18:14:47,958: maxiter hit in iteration 43
2026-01-16 18:14:48,645: maxiter hit in iteration 44
2026-01-16 18:14:49,277: maxiter hit in iteration 45
2026-01-16 18:14:49,931: maxiter hit in iteration 46
2026-01-16 18:14:50,561: maxiter hit in iteration 47
2026-01-16 18:14:51,240: maxiter hit in iteration 48
2026-01-16 18:14:51,923: maxiter hit in iteration 49
2026-01-16 18:14:52,573: maxiter hit in iteration 50
2026-01-16 18:14:53,292: maxiter hit in iteration 51
2026-01-16 18:14:53,954: maxiter hit in iteration 52
2026-01-16 18:14:54,584: maxiter hit in iteration 53
2026-01-16 18:14:55,250: maxiter hit in iteration 54
2026-01-16 18:14:56,199: maxiter hit in iteration 55
2026-01-16 18:14:57,223: maxiter hit in iteration 56
2026-01-16 18:14:58,080: maxiter hit in iteration 57
2026-01-16 18:14:58,734: maxiter hit in iteration 58
2026-01-16 18:14:59,372: maxiter hit in iteration 59
2026-01-16 18:15:00,095: maxiter hit in iteration 60
2026-01-16 18:15:00,142: [Epoch 1] Train Loss: 1.00E+01, PSNR: 26.86
2026-01-16 18:15:00,801: maxiter hit in iteration 1
2026-01-16 18:15:01,489: maxiter hit in iteration 2
2026-01-16 18:15:02,285: maxiter hit in iteration 3
2026-01-16 18:15:03,023: maxiter hit in iteration 4
2026-01-16 18:15:03,749: maxiter hit in iteration 5
2026-01-16 18:15:04,530: maxiter hit in iteration 6
2026-01-16 18:15:05,252: maxiter hit in iteration 7
2026-01-16 18:15:05,990: maxiter hit in iteration 8
2026-01-16 18:15:06,765: maxiter hit in iteration 9
2026-01-16 18:15:07,505: maxiter hit in iteration 10
2026-01-16 18:15:08,299: maxiter hit in iteration 11
2026-01-16 18:15:09,159: maxiter hit in iteration 12
2026-01-16 18:15:09,840: maxiter hit in iteration 13
2026-01-16 18:15:10,548: maxiter hit in iteration 14
2026-01-16 18:15:11,221: maxiter hit in iteration 15
2026-01-16 18:15:11,872: maxiter hit in iteration 16
2026-01-16 18:15:12,511: maxiter hit in iteration 17
2026-01-16 18:15:13,214: maxiter hit in iteration 18
2026-01-16 18:15:13,859: maxiter hit in iteration 19
2026-01-16 18:15:14,656: maxiter hit in iteration 20
2026-01-16 18:15:15,301: maxiter hit in iteration 21
2026-01-16 18:15:15,948: maxiter hit in iteration 22
2026-01-16 18:15:16,602: maxiter hit in iteration 23
2026-01-16 18:15:17,264: maxiter hit in iteration 24
2026-01-16 18:15:17,925: maxiter hit in iteration 25
2026-01-16 18:15:18,578: maxiter hit in iteration 26
2026-01-16 18:15:19,264: maxiter hit in iteration 27
2026-01-16 18:15:19,877: maxiter hit in iteration 28
2026-01-16 18:15:20,504: maxiter hit in iteration 29
2026-01-16 18:15:21,152: maxiter hit in iteration 30
2026-01-16 18:15:21,888: maxiter hit in iteration 31
2026-01-16 18:15:22,548: maxiter hit in iteration 32
2026-01-16 18:15:23,181: maxiter hit in iteration 33
2026-01-16 18:15:23,846: maxiter hit in iteration 34
2026-01-16 18:15:24,480: maxiter hit in iteration 35
2026-01-16 18:15:25,202: maxiter hit in iteration 36
2026-01-16 18:15:25,853: maxiter hit in iteration 37
2026-01-16 18:15:26,577: maxiter hit in iteration 38
2026-01-16 18:15:27,228: maxiter hit in iteration 39
2026-01-16 18:15:27,890: maxiter hit in iteration 40
2026-01-16 18:15:28,540: maxiter hit in iteration 41
2026-01-16 18:15:29,182: maxiter hit in iteration 42
2026-01-16 18:15:29,847: maxiter hit in iteration 43
2026-01-16 18:15:30,528: maxiter hit in iteration 44
2026-01-16 18:15:31,186: maxiter hit in iteration 45
2026-01-16 18:15:31,892: maxiter hit in iteration 46
2026-01-16 18:15:32,541: maxiter hit in iteration 47
2026-01-16 18:15:33,176: maxiter hit in iteration 48
2026-01-16 18:15:33,793: maxiter hit in iteration 49
2026-01-16 18:15:34,427: maxiter hit in iteration 50
2026-01-16 18:15:35,107: maxiter hit in iteration 51
2026-01-16 18:15:35,847: maxiter hit in iteration 52
2026-01-16 18:15:36,558: maxiter hit in iteration 53
2026-01-16 18:15:37,209: maxiter hit in iteration 54
2026-01-16 18:15:37,824: maxiter hit in iteration 55
2026-01-16 18:15:38,469: maxiter hit in iteration 56
2026-01-16 18:15:39,163: maxiter hit in iteration 57
2026-01-16 18:15:39,811: maxiter hit in iteration 58
2026-01-16 18:15:40,465: maxiter hit in iteration 59
2026-01-16 18:15:41,152: maxiter hit in iteration 60
2026-01-16 18:15:41,193: [Epoch 2] Train Loss: 8.78E+00, PSNR: 27.36
2026-01-16 18:15:41,800: maxiter hit in iteration 1
2026-01-16 18:15:42,420: maxiter hit in iteration 2
2026-01-16 18:15:43,041: maxiter hit in iteration 3
2026-01-16 18:15:43,719: maxiter hit in iteration 4
2026-01-16 18:15:44,328: maxiter hit in iteration 5
2026-01-16 18:15:45,005: maxiter hit in iteration 6
2026-01-16 18:15:45,664: maxiter hit in iteration 7
2026-01-16 18:15:46,307: maxiter hit in iteration 8
2026-01-16 18:15:47,058: maxiter hit in iteration 9
2026-01-16 18:15:47,709: maxiter hit in iteration 10
2026-01-16 18:15:48,347: maxiter hit in iteration 11
2026-01-16 18:15:48,979: maxiter hit in iteration 12
2026-01-16 18:15:49,674: maxiter hit in iteration 13
2026-01-16 18:15:50,320: maxiter hit in iteration 14
2026-01-16 18:15:50,949: maxiter hit in iteration 15
2026-01-16 18:15:51,607: maxiter hit in iteration 16
2026-01-16 18:15:52,274: maxiter hit in iteration 17
2026-01-16 18:15:52,912: maxiter hit in iteration 18
2026-01-16 18:15:53,562: maxiter hit in iteration 19
2026-01-16 18:15:54,229: maxiter hit in iteration 20
2026-01-16 18:15:54,862: maxiter hit in iteration 21
2026-01-16 18:15:55,486: maxiter hit in iteration 22
2026-01-16 18:15:56,132: maxiter hit in iteration 23
2026-01-16 18:15:56,845: maxiter hit in iteration 24
2026-01-16 18:15:57,591: maxiter hit in iteration 25
2026-01-16 18:15:58,401: maxiter hit in iteration 26
2026-01-16 18:15:59,425: maxiter hit in iteration 27
2026-01-16 18:16:00,271: maxiter hit in iteration 28
2026-01-16 18:16:01,086: maxiter hit in iteration 29
2026-01-16 18:16:01,749: maxiter hit in iteration 30
2026-01-16 18:16:02,437: maxiter hit in iteration 31
2026-01-16 18:16:03,063: maxiter hit in iteration 32
2026-01-16 18:16:03,709: maxiter hit in iteration 33
2026-01-16 18:16:04,346: maxiter hit in iteration 34
2026-01-16 18:16:04,999: maxiter hit in iteration 35
2026-01-16 18:16:05,674: maxiter hit in iteration 36
2026-01-16 18:16:06,315: maxiter hit in iteration 37
2026-01-16 18:16:07,011: maxiter hit in iteration 38
2026-01-16 18:16:07,648: maxiter hit in iteration 39
2026-01-16 18:16:08,278: maxiter hit in iteration 40
2026-01-16 18:16:08,936: maxiter hit in iteration 41
2026-01-16 18:16:09,711: maxiter hit in iteration 42
2026-01-16 18:16:10,373: maxiter hit in iteration 43
2026-01-16 18:16:11,064: maxiter hit in iteration 44
2026-01-16 18:16:11,729: maxiter hit in iteration 45
2026-01-16 18:16:12,344: maxiter hit in iteration 46
2026-01-16 18:16:13,003: maxiter hit in iteration 47
2026-01-16 18:16:13,705: maxiter hit in iteration 48
2026-01-16 18:16:14,378: maxiter hit in iteration 49
2026-01-16 18:16:15,022: maxiter hit in iteration 50
2026-01-16 18:16:15,757: maxiter hit in iteration 51
2026-01-16 18:16:16,444: maxiter hit in iteration 52
2026-01-16 18:16:17,098: maxiter hit in iteration 53
2026-01-16 18:16:17,731: maxiter hit in iteration 54
2026-01-16 18:16:18,418: maxiter hit in iteration 55
2026-01-16 18:16:19,054: maxiter hit in iteration 56
2026-01-16 18:16:19,710: maxiter hit in iteration 57
2026-01-16 18:16:20,347: maxiter hit in iteration 58
2026-01-16 18:16:21,077: maxiter hit in iteration 59
2026-01-16 18:16:21,740: maxiter hit in iteration 60
2026-01-16 18:16:21,780: [Epoch 3] Train Loss: 7.24E+00, PSNR: 28.31
2026-01-16 18:16:22,433: maxiter hit in iteration 1
2026-01-16 18:16:23,088: maxiter hit in iteration 2
2026-01-16 18:16:23,730: maxiter hit in iteration 3
2026-01-16 18:16:24,403: maxiter hit in iteration 4
2026-01-16 18:16:25,035: maxiter hit in iteration 5
2026-01-16 18:16:25,685: maxiter hit in iteration 6
2026-01-16 18:16:26,334: maxiter hit in iteration 7
2026-01-16 18:16:27,046: maxiter hit in iteration 8
2026-01-16 18:16:27,690: maxiter hit in iteration 9
2026-01-16 18:16:28,362: maxiter hit in iteration 10
2026-01-16 18:16:29,034: maxiter hit in iteration 11
2026-01-16 18:16:29,645: maxiter hit in iteration 12
2026-01-16 18:16:30,295: maxiter hit in iteration 13
2026-01-16 18:16:30,960: maxiter hit in iteration 14
2026-01-16 18:16:31,635: maxiter hit in iteration 15
2026-01-16 18:16:32,390: maxiter hit in iteration 16
2026-01-16 18:16:33,085: maxiter hit in iteration 17
2026-01-16 18:16:33,714: maxiter hit in iteration 18
2026-01-16 18:16:34,362: maxiter hit in iteration 19
2026-01-16 18:16:35,004: maxiter hit in iteration 20
2026-01-16 18:16:35,679: maxiter hit in iteration 21
2026-01-16 18:16:36,323: maxiter hit in iteration 22
2026-01-16 18:16:37,005: maxiter hit in iteration 23
2026-01-16 18:16:37,640: maxiter hit in iteration 24
2026-01-16 18:16:38,288: maxiter hit in iteration 25
2026-01-16 18:16:38,946: maxiter hit in iteration 26
2026-01-16 18:16:39,605: maxiter hit in iteration 27
2026-01-16 18:16:40,277: maxiter hit in iteration 28
2026-01-16 18:16:40,919: maxiter hit in iteration 29
2026-01-16 18:16:41,655: maxiter hit in iteration 30
2026-01-16 18:16:42,292: maxiter hit in iteration 31
2026-01-16 18:16:42,928: maxiter hit in iteration 32
2026-01-16 18:16:43,684: maxiter hit in iteration 33
2026-01-16 18:16:44,345: maxiter hit in iteration 34
2026-01-16 18:16:44,948: maxiter hit in iteration 35
2026-01-16 18:16:45,633: maxiter hit in iteration 36
2026-01-16 18:16:46,277: maxiter hit in iteration 37
2026-01-16 18:16:46,936: maxiter hit in iteration 38
2026-01-16 18:16:47,594: maxiter hit in iteration 39
2026-01-16 18:16:48,231: maxiter hit in iteration 40
2026-01-16 18:16:48,918: maxiter hit in iteration 41
2026-01-16 18:16:49,557: maxiter hit in iteration 42
2026-01-16 18:16:50,251: maxiter hit in iteration 43
2026-01-16 18:16:50,878: maxiter hit in iteration 44
2026-01-16 18:16:51,537: maxiter hit in iteration 45
2026-01-16 18:16:52,176: maxiter hit in iteration 46
2026-01-16 18:16:52,853: maxiter hit in iteration 47
2026-01-16 18:16:53,496: maxiter hit in iteration 48
2026-01-16 18:16:54,279: maxiter hit in iteration 49
2026-01-16 18:16:54,936: maxiter hit in iteration 50
2026-01-16 18:16:55,580: maxiter hit in iteration 51
2026-01-16 18:16:56,189: maxiter hit in iteration 52
2026-01-16 18:16:56,895: maxiter hit in iteration 53
2026-01-16 18:16:57,552: maxiter hit in iteration 54
2026-01-16 18:16:58,198: maxiter hit in iteration 55
2026-01-16 18:16:58,904: maxiter hit in iteration 56
2026-01-16 18:16:59,561: maxiter hit in iteration 57
2026-01-16 18:17:00,180: maxiter hit in iteration 58
2026-01-16 18:17:00,941: maxiter hit in iteration 59
2026-01-16 18:17:02,131: maxiter hit in iteration 60
2026-01-16 18:17:02,185: [Epoch 4] Train Loss: 8.32E+00, PSNR: 27.80
2026-01-16 18:17:03,027: maxiter hit in iteration 1
2026-01-16 18:17:03,762: maxiter hit in iteration 2
2026-01-16 18:17:04,404: maxiter hit in iteration 3
2026-01-16 18:17:05,060: maxiter hit in iteration 4
2026-01-16 18:17:05,822: maxiter hit in iteration 5
2026-01-16 18:17:06,494: maxiter hit in iteration 6
2026-01-16 18:17:07,224: maxiter hit in iteration 7
2026-01-16 18:17:07,942: maxiter hit in iteration 8
2026-01-16 18:17:08,595: maxiter hit in iteration 9
2026-01-16 18:17:09,323: maxiter hit in iteration 10
2026-01-16 18:17:10,008: maxiter hit in iteration 11
2026-01-16 18:17:10,676: maxiter hit in iteration 12
2026-01-16 18:17:11,309: maxiter hit in iteration 13
2026-01-16 18:17:12,028: maxiter hit in iteration 14
2026-01-16 18:17:12,674: maxiter hit in iteration 15
2026-01-16 18:17:13,318: maxiter hit in iteration 16
2026-01-16 18:17:14,021: maxiter hit in iteration 17
2026-01-16 18:17:14,715: maxiter hit in iteration 18
2026-01-16 18:17:15,341: maxiter hit in iteration 19
2026-01-16 18:17:15,994: maxiter hit in iteration 20
2026-01-16 18:17:16,778: maxiter hit in iteration 21
2026-01-16 18:17:17,435: maxiter hit in iteration 22
2026-01-16 18:17:18,077: maxiter hit in iteration 23
2026-01-16 18:17:18,775: maxiter hit in iteration 24
2026-01-16 18:17:19,424: maxiter hit in iteration 25
2026-01-16 18:17:20,046: maxiter hit in iteration 26
2026-01-16 18:17:20,728: maxiter hit in iteration 27
2026-01-16 18:17:21,358: maxiter hit in iteration 28
2026-01-16 18:17:22,000: maxiter hit in iteration 29
2026-01-16 18:17:22,640: maxiter hit in iteration 30
2026-01-16 18:17:23,333: maxiter hit in iteration 31
2026-01-16 18:17:23,959: maxiter hit in iteration 32
2026-01-16 18:17:24,645: maxiter hit in iteration 33
2026-01-16 18:17:25,329: maxiter hit in iteration 34
2026-01-16 18:17:25,975: maxiter hit in iteration 35
2026-01-16 18:17:26,658: maxiter hit in iteration 36
2026-01-16 18:17:27,297: maxiter hit in iteration 37
2026-01-16 18:17:28,029: maxiter hit in iteration 38
2026-01-16 18:17:28,680: maxiter hit in iteration 39
2026-01-16 18:17:29,368: maxiter hit in iteration 40
2026-01-16 18:17:30,028: maxiter hit in iteration 41
2026-01-16 18:17:30,679: maxiter hit in iteration 42
2026-01-16 18:17:31,295: maxiter hit in iteration 43
2026-01-16 18:17:32,018: maxiter hit in iteration 44
2026-01-16 18:17:32,656: maxiter hit in iteration 45
2026-01-16 18:17:33,307: maxiter hit in iteration 46
2026-01-16 18:17:34,051: maxiter hit in iteration 47
2026-01-16 18:17:34,867: maxiter hit in iteration 48
2026-01-16 18:17:35,607: maxiter hit in iteration 49
2026-01-16 18:17:36,328: maxiter hit in iteration 50
2026-01-16 18:17:36,990: maxiter hit in iteration 51
2026-01-16 18:17:37,633: maxiter hit in iteration 52
2026-01-16 18:17:38,326: maxiter hit in iteration 53
2026-01-16 18:17:38,960: maxiter hit in iteration 54
2026-01-16 18:17:39,695: maxiter hit in iteration 55
2026-01-16 18:17:40,330: maxiter hit in iteration 56
2026-01-16 18:17:41,116: maxiter hit in iteration 57
2026-01-16 18:17:41,760: maxiter hit in iteration 58
2026-01-16 18:17:42,469: maxiter hit in iteration 59
2026-01-16 18:17:43,093: maxiter hit in iteration 60
2026-01-16 18:17:43,135: [Epoch 5] Train Loss: 7.96E+00, PSNR: 28.10
2026-01-16 18:18:01,043: [Epoch 5] Val Loss: 9.34E+00, PSNR: 27.29
2026-01-16 18:18:01,794: maxiter hit in iteration 1
2026-01-16 18:18:02,507: maxiter hit in iteration 2
2026-01-16 18:18:03,143: maxiter hit in iteration 3
2026-01-16 18:18:03,972: maxiter hit in iteration 4
2026-01-16 18:18:05,746: maxiter hit in iteration 5
2026-01-16 18:18:06,981: maxiter hit in iteration 6
2026-01-16 18:18:07,643: maxiter hit in iteration 7
2026-01-16 18:18:08,340: maxiter hit in iteration 8
2026-01-16 18:18:09,027: maxiter hit in iteration 9
2026-01-16 18:18:09,772: maxiter hit in iteration 10
2026-01-16 18:18:10,455: maxiter hit in iteration 11
2026-01-16 18:18:11,220: maxiter hit in iteration 12
2026-01-16 18:18:11,956: maxiter hit in iteration 13
2026-01-16 18:18:12,727: maxiter hit in iteration 14
2026-01-16 18:18:13,437: maxiter hit in iteration 15
2026-01-16 18:18:14,128: maxiter hit in iteration 16
2026-01-16 18:18:14,885: maxiter hit in iteration 17
2026-01-16 18:18:15,579: maxiter hit in iteration 18
2026-01-16 18:18:16,260: maxiter hit in iteration 19
2026-01-16 18:18:16,945: maxiter hit in iteration 20
2026-01-16 18:18:17,585: maxiter hit in iteration 21
2026-01-16 18:18:18,244: maxiter hit in iteration 22
2026-01-16 18:18:18,930: maxiter hit in iteration 23
2026-01-16 18:18:19,609: maxiter hit in iteration 24
2026-01-16 18:18:20,244: maxiter hit in iteration 25
2026-01-16 18:18:20,886: maxiter hit in iteration 26
2026-01-16 18:18:21,601: maxiter hit in iteration 27
2026-01-16 18:18:22,261: maxiter hit in iteration 28
2026-01-16 18:18:22,900: maxiter hit in iteration 29
2026-01-16 18:18:23,532: maxiter hit in iteration 30
2026-01-16 18:18:24,211: maxiter hit in iteration 31
2026-01-16 18:18:24,829: maxiter hit in iteration 32
2026-01-16 18:18:25,614: maxiter hit in iteration 33
2026-01-16 18:18:26,249: maxiter hit in iteration 34
2026-01-16 18:18:26,909: maxiter hit in iteration 35
2026-01-16 18:18:27,567: maxiter hit in iteration 36
2026-01-16 18:18:28,262: maxiter hit in iteration 37
2026-01-16 18:18:28,918: maxiter hit in iteration 38
2026-01-16 18:18:29,578: maxiter hit in iteration 39
2026-01-16 18:18:30,274: maxiter hit in iteration 40
2026-01-16 18:18:30,917: maxiter hit in iteration 41
2026-01-16 18:18:31,579: maxiter hit in iteration 42
2026-01-16 18:18:32,228: maxiter hit in iteration 43
2026-01-16 18:18:32,904: maxiter hit in iteration 44
2026-01-16 18:18:33,543: maxiter hit in iteration 45
2026-01-16 18:18:34,194: maxiter hit in iteration 46
2026-01-16 18:18:34,833: maxiter hit in iteration 47
2026-01-16 18:18:35,648: maxiter hit in iteration 48
2026-01-16 18:18:36,438: maxiter hit in iteration 49
2026-01-16 18:18:37,257: maxiter hit in iteration 50
2026-01-16 18:18:38,182: maxiter hit in iteration 51
2026-01-16 18:18:39,614: maxiter hit in iteration 52
2026-01-16 18:18:40,643: maxiter hit in iteration 53
2026-01-16 18:18:41,342: maxiter hit in iteration 54
2026-01-16 18:18:41,994: maxiter hit in iteration 55
2026-01-16 18:18:42,660: maxiter hit in iteration 56
2026-01-16 18:18:43,329: maxiter hit in iteration 57
2026-01-16 18:18:43,946: maxiter hit in iteration 58
2026-01-16 18:18:44,573: maxiter hit in iteration 59
2026-01-16 18:18:45,199: maxiter hit in iteration 60
2026-01-16 18:18:45,238: [Epoch 6] Train Loss: 7.65E+00, PSNR: 28.11
2026-01-16 18:18:45,900: maxiter hit in iteration 1
2026-01-16 18:18:46,697: maxiter hit in iteration 2
2026-01-16 18:18:47,558: maxiter hit in iteration 3
2026-01-16 18:18:48,304: maxiter hit in iteration 4
2026-01-16 18:18:48,995: maxiter hit in iteration 5
2026-01-16 18:18:49,647: maxiter hit in iteration 6
2026-01-16 18:18:50,314: maxiter hit in iteration 7
2026-01-16 18:18:50,971: maxiter hit in iteration 8
2026-01-16 18:18:51,671: maxiter hit in iteration 9
2026-01-16 18:18:52,331: maxiter hit in iteration 10
2026-01-16 18:18:52,961: maxiter hit in iteration 11
2026-01-16 18:18:53,587: maxiter hit in iteration 12
2026-01-16 18:18:54,239: maxiter hit in iteration 13
2026-01-16 18:18:54,898: maxiter hit in iteration 14
2026-01-16 18:18:55,528: maxiter hit in iteration 15
2026-01-16 18:18:56,316: maxiter hit in iteration 16
2026-01-16 18:18:56,981: maxiter hit in iteration 17
2026-01-16 18:18:57,606: maxiter hit in iteration 18
2026-01-16 18:18:58,255: maxiter hit in iteration 19
2026-01-16 18:18:58,952: maxiter hit in iteration 20
2026-01-16 18:18:59,585: maxiter hit in iteration 21
2026-01-16 18:19:00,273: maxiter hit in iteration 22
2026-01-16 18:19:00,961: maxiter hit in iteration 23
2026-01-16 18:19:01,600: maxiter hit in iteration 24
2026-01-16 18:19:02,232: maxiter hit in iteration 25
2026-01-16 18:19:02,902: maxiter hit in iteration 26
2026-01-16 18:19:03,564: maxiter hit in iteration 27
2026-01-16 18:19:04,219: maxiter hit in iteration 28
2026-01-16 18:19:04,908: maxiter hit in iteration 29
2026-01-16 18:19:05,530: maxiter hit in iteration 30
2026-01-16 18:19:06,239: maxiter hit in iteration 31
2026-01-16 18:19:07,210: maxiter hit in iteration 32
2026-01-16 18:19:08,157: maxiter hit in iteration 33
2026-01-16 18:19:08,980: maxiter hit in iteration 34
2026-01-16 18:19:09,638: maxiter hit in iteration 35
2026-01-16 18:19:10,287: maxiter hit in iteration 36
2026-01-16 18:19:10,937: maxiter hit in iteration 37
2026-01-16 18:19:11,640: maxiter hit in iteration 38
2026-01-16 18:19:12,299: maxiter hit in iteration 39
2026-01-16 18:19:12,950: maxiter hit in iteration 40
2026-01-16 18:19:13,650: maxiter hit in iteration 41
2026-01-16 18:19:14,303: maxiter hit in iteration 42
2026-01-16 18:19:14,946: maxiter hit in iteration 43
2026-01-16 18:19:15,589: maxiter hit in iteration 44
2026-01-16 18:19:16,304: maxiter hit in iteration 45
2026-01-16 18:19:17,028: maxiter hit in iteration 46
2026-01-16 18:19:17,733: maxiter hit in iteration 47
2026-01-16 18:19:18,420: maxiter hit in iteration 48
2026-01-16 18:19:19,065: maxiter hit in iteration 49
2026-01-16 18:19:19,699: maxiter hit in iteration 50
2026-01-16 18:19:20,356: maxiter hit in iteration 51
2026-01-16 18:19:21,000: maxiter hit in iteration 52
2026-01-16 18:19:21,661: maxiter hit in iteration 53
2026-01-16 18:19:22,362: maxiter hit in iteration 54
2026-01-16 18:19:22,993: maxiter hit in iteration 55
2026-01-16 18:19:23,665: maxiter hit in iteration 56
2026-01-16 18:19:24,292: maxiter hit in iteration 57
2026-01-16 18:19:24,980: maxiter hit in iteration 58
2026-01-16 18:19:25,612: maxiter hit in iteration 59
2026-01-16 18:19:26,284: maxiter hit in iteration 60
2026-01-16 18:19:26,330: [Epoch 7] Train Loss: 8.48E+00, PSNR: 27.72
2026-01-16 18:19:26,965: maxiter hit in iteration 1
2026-01-16 18:19:27,603: maxiter hit in iteration 2
2026-01-16 18:19:28,232: maxiter hit in iteration 3
2026-01-16 18:19:28,901: maxiter hit in iteration 4
2026-01-16 18:19:29,542: maxiter hit in iteration 5
2026-01-16 18:19:30,187: maxiter hit in iteration 6
2026-01-16 18:19:30,863: maxiter hit in iteration 7
2026-01-16 18:19:31,506: maxiter hit in iteration 8
2026-01-16 18:19:32,129: maxiter hit in iteration 9
2026-01-16 18:19:32,757: maxiter hit in iteration 10
2026-01-16 18:19:33,415: maxiter hit in iteration 11
2026-01-16 18:19:34,086: maxiter hit in iteration 12
2026-01-16 18:19:34,747: maxiter hit in iteration 13
2026-01-16 18:19:35,403: maxiter hit in iteration 14
2026-01-16 18:19:36,018: maxiter hit in iteration 15
2026-01-16 18:19:36,788: maxiter hit in iteration 16
2026-01-16 18:19:37,447: maxiter hit in iteration 17
2026-01-16 18:19:38,112: maxiter hit in iteration 18
2026-01-16 18:19:38,748: maxiter hit in iteration 19
2026-01-16 18:19:39,438: maxiter hit in iteration 20
2026-01-16 18:19:40,072: maxiter hit in iteration 21
2026-01-16 18:19:40,700: maxiter hit in iteration 22
2026-01-16 18:19:41,343: maxiter hit in iteration 23
2026-01-16 18:19:42,038: maxiter hit in iteration 24
2026-01-16 18:19:42,668: maxiter hit in iteration 25
2026-01-16 18:19:43,309: maxiter hit in iteration 26
2026-01-16 18:19:43,979: maxiter hit in iteration 27
2026-01-16 18:19:44,604: maxiter hit in iteration 28
2026-01-16 18:19:45,237: maxiter hit in iteration 29
2026-01-16 18:19:45,861: maxiter hit in iteration 30
2026-01-16 18:19:46,584: maxiter hit in iteration 31
2026-01-16 18:19:47,245: maxiter hit in iteration 32
2026-01-16 18:19:47,914: maxiter hit in iteration 33
2026-01-16 18:19:48,577: maxiter hit in iteration 34
2026-01-16 18:19:49,192: maxiter hit in iteration 35
2026-01-16 18:19:49,821: maxiter hit in iteration 36
2026-01-16 18:19:50,463: maxiter hit in iteration 37
2026-01-16 18:19:51,139: maxiter hit in iteration 38
2026-01-16 18:19:51,859: maxiter hit in iteration 39
2026-01-16 18:19:52,695: maxiter hit in iteration 40
2026-01-16 18:19:53,340: maxiter hit in iteration 41
2026-01-16 18:19:54,035: maxiter hit in iteration 42
2026-01-16 18:19:54,735: maxiter hit in iteration 43
2026-01-16 18:19:55,406: maxiter hit in iteration 44
2026-01-16 18:19:56,064: maxiter hit in iteration 45
2026-01-16 18:19:56,788: maxiter hit in iteration 46
2026-01-16 18:19:57,478: maxiter hit in iteration 47
2026-01-16 18:19:58,119: maxiter hit in iteration 48
2026-01-16 18:19:58,759: maxiter hit in iteration 49
2026-01-16 18:19:59,453: maxiter hit in iteration 50
2026-01-16 18:20:00,082: maxiter hit in iteration 51
2026-01-16 18:20:00,735: maxiter hit in iteration 52
2026-01-16 18:20:01,439: maxiter hit in iteration 53
2026-01-16 18:20:02,105: maxiter hit in iteration 54
2026-01-16 18:20:02,748: maxiter hit in iteration 55
2026-01-16 18:20:03,395: maxiter hit in iteration 56
2026-01-16 18:20:04,078: maxiter hit in iteration 57
2026-01-16 18:20:04,732: maxiter hit in iteration 58
2026-01-16 18:20:05,393: maxiter hit in iteration 59
2026-01-16 18:20:06,029: maxiter hit in iteration 60
2026-01-16 18:20:06,161: [Epoch 8] Train Loss: 7.28E+00, PSNR: 28.18
2026-01-16 18:20:06,830: maxiter hit in iteration 1
2026-01-16 18:20:07,497: maxiter hit in iteration 2
2026-01-16 18:20:08,209: maxiter hit in iteration 3
2026-01-16 18:20:08,878: maxiter hit in iteration 4
2026-01-16 18:20:09,942: maxiter hit in iteration 5
2026-01-16 18:20:10,917: maxiter hit in iteration 6
2026-01-16 18:20:11,682: maxiter hit in iteration 7
2026-01-16 18:20:12,399: maxiter hit in iteration 8
2026-01-16 18:20:13,045: maxiter hit in iteration 9
2026-01-16 18:20:13,686: maxiter hit in iteration 10
2026-01-16 18:20:14,360: maxiter hit in iteration 11
2026-01-16 18:20:15,009: maxiter hit in iteration 12
2026-01-16 18:20:15,667: maxiter hit in iteration 13
2026-01-16 18:20:16,303: maxiter hit in iteration 14
2026-01-16 18:20:17,071: maxiter hit in iteration 15
2026-01-16 18:20:17,709: maxiter hit in iteration 16
2026-01-16 18:20:18,362: maxiter hit in iteration 17
2026-01-16 18:20:19,128: maxiter hit in iteration 18
2026-01-16 18:20:19,895: maxiter hit in iteration 19
2026-01-16 18:20:20,623: maxiter hit in iteration 20
2026-01-16 18:20:21,334: maxiter hit in iteration 21
2026-01-16 18:20:22,011: maxiter hit in iteration 22
2026-01-16 18:20:22,652: maxiter hit in iteration 23
2026-01-16 18:20:23,311: maxiter hit in iteration 24
2026-01-16 18:20:23,964: maxiter hit in iteration 25
2026-01-16 18:20:24,601: maxiter hit in iteration 26
2026-01-16 18:20:25,262: maxiter hit in iteration 27
2026-01-16 18:20:25,922: maxiter hit in iteration 28
2026-01-16 18:20:26,562: maxiter hit in iteration 29
2026-01-16 18:20:27,263: maxiter hit in iteration 30
2026-01-16 18:20:27,956: maxiter hit in iteration 31
2026-01-16 18:20:28,578: maxiter hit in iteration 32
2026-01-16 18:20:29,217: maxiter hit in iteration 33
2026-01-16 18:20:29,888: maxiter hit in iteration 34
2026-01-16 18:20:30,638: maxiter hit in iteration 35
2026-01-16 18:20:31,290: maxiter hit in iteration 36
2026-01-16 18:20:31,977: maxiter hit in iteration 37
2026-01-16 18:20:32,608: maxiter hit in iteration 38
2026-01-16 18:20:33,237: maxiter hit in iteration 39
2026-01-16 18:20:33,896: maxiter hit in iteration 40
2026-01-16 18:20:34,559: maxiter hit in iteration 41
2026-01-16 18:20:35,224: maxiter hit in iteration 42
2026-01-16 18:20:35,908: maxiter hit in iteration 43
2026-01-16 18:20:36,596: maxiter hit in iteration 44
2026-01-16 18:20:37,267: maxiter hit in iteration 45
2026-01-16 18:20:37,894: maxiter hit in iteration 46
2026-01-16 18:20:38,704: maxiter hit in iteration 47
2026-01-16 18:20:39,445: maxiter hit in iteration 48
2026-01-16 18:20:40,142: maxiter hit in iteration 49
2026-01-16 18:20:40,794: maxiter hit in iteration 50
2026-01-16 18:20:41,437: maxiter hit in iteration 51
2026-01-16 18:20:42,177: maxiter hit in iteration 52
2026-01-16 18:20:42,852: maxiter hit in iteration 53
2026-01-16 18:20:43,496: maxiter hit in iteration 54
2026-01-16 18:20:44,156: maxiter hit in iteration 55
2026-01-16 18:20:44,811: maxiter hit in iteration 56
2026-01-16 18:20:45,431: maxiter hit in iteration 57
2026-01-16 18:20:46,078: maxiter hit in iteration 58
2026-01-16 18:20:46,739: maxiter hit in iteration 59
2026-01-16 18:20:47,435: maxiter hit in iteration 60
2026-01-16 18:20:47,475: [Epoch 9] Train Loss: 7.43E+00, PSNR: 28.50
2026-01-16 18:20:48,065: maxiter hit in iteration 1
2026-01-16 18:20:48,714: maxiter hit in iteration 2
2026-01-16 18:20:49,375: maxiter hit in iteration 3
2026-01-16 18:20:49,992: maxiter hit in iteration 4
2026-01-16 18:20:50,621: maxiter hit in iteration 5
2026-01-16 18:20:51,299: maxiter hit in iteration 6
2026-01-16 18:20:51,995: maxiter hit in iteration 7
2026-01-16 18:20:52,713: maxiter hit in iteration 8
2026-01-16 18:20:53,444: maxiter hit in iteration 9
2026-01-16 18:20:54,119: maxiter hit in iteration 10
2026-01-16 18:20:54,730: maxiter hit in iteration 11
2026-01-16 18:20:55,419: maxiter hit in iteration 12
2026-01-16 18:20:56,115: maxiter hit in iteration 13
2026-01-16 18:20:56,816: maxiter hit in iteration 14
2026-01-16 18:20:57,512: maxiter hit in iteration 15
2026-01-16 18:20:58,162: maxiter hit in iteration 16
2026-01-16 18:20:58,802: maxiter hit in iteration 17
2026-01-16 18:20:59,444: maxiter hit in iteration 18
2026-01-16 18:21:00,167: maxiter hit in iteration 19
2026-01-16 18:21:00,904: maxiter hit in iteration 20
2026-01-16 18:21:01,741: maxiter hit in iteration 21
2026-01-16 18:21:02,537: maxiter hit in iteration 22
2026-01-16 18:21:03,309: maxiter hit in iteration 23
2026-01-16 18:21:04,108: maxiter hit in iteration 24
2026-01-16 18:21:05,047: maxiter hit in iteration 25
2026-01-16 18:21:05,790: maxiter hit in iteration 26
2026-01-16 18:21:06,631: maxiter hit in iteration 27
2026-01-16 18:21:07,472: maxiter hit in iteration 28
2026-01-16 18:21:08,289: maxiter hit in iteration 29
2026-01-16 18:21:09,145: maxiter hit in iteration 30
2026-01-16 18:21:09,915: maxiter hit in iteration 31
2026-01-16 18:21:10,765: maxiter hit in iteration 32
2026-01-16 18:21:11,649: maxiter hit in iteration 33
2026-01-16 18:21:13,107: maxiter hit in iteration 34
2026-01-16 18:21:14,167: maxiter hit in iteration 35
2026-01-16 18:21:15,061: maxiter hit in iteration 36
2026-01-16 18:21:15,863: maxiter hit in iteration 37
2026-01-16 18:21:16,665: maxiter hit in iteration 38
2026-01-16 18:21:17,543: maxiter hit in iteration 39
2026-01-16 18:21:18,359: maxiter hit in iteration 40
2026-01-16 18:21:19,343: maxiter hit in iteration 41
2026-01-16 18:21:20,115: maxiter hit in iteration 42
2026-01-16 18:21:21,006: maxiter hit in iteration 43
2026-01-16 18:21:22,534: maxiter hit in iteration 44
2026-01-16 18:21:23,979: maxiter hit in iteration 45
2026-01-16 18:21:25,038: maxiter hit in iteration 46
2026-01-16 18:21:25,983: maxiter hit in iteration 47
2026-01-16 18:21:26,903: maxiter hit in iteration 48
2026-01-16 18:21:27,696: maxiter hit in iteration 49
2026-01-16 18:21:28,536: maxiter hit in iteration 50
2026-01-16 18:21:29,322: maxiter hit in iteration 51
2026-01-16 18:21:30,111: maxiter hit in iteration 52
2026-01-16 18:21:30,912: maxiter hit in iteration 53
2026-01-16 18:21:31,849: maxiter hit in iteration 54
2026-01-16 18:21:32,996: maxiter hit in iteration 55
2026-01-16 18:21:34,091: maxiter hit in iteration 56
2026-01-16 18:21:35,269: maxiter hit in iteration 57
2026-01-16 18:21:36,202: maxiter hit in iteration 58
2026-01-16 18:21:37,264: maxiter hit in iteration 59
2026-01-16 18:21:38,080: maxiter hit in iteration 60
2026-01-16 18:21:38,129: [Epoch 10] Train Loss: 7.99E+00, PSNR: 28.26
2026-01-16 18:22:00,135: [Epoch 10] Val Loss: 9.12E+00, PSNR: 27.30
2026-01-16 18:22:00,139: 
JFB completed in 459.6s
2026-01-16 18:22:00,139:   Final Train Loss: 7.9866
2026-01-16 18:22:00,139:   Final Train PSNR: 28.26 dB
2026-01-16 18:22:00,141:   Final Val Loss: 9.1247
2026-01-16 18:22:00,141:   Final Val PSNR: 27.30 dB
2026-01-16 18:22:00,141: 
======================================================================
2026-01-16 18:22:00,143: Running RevDEQ
2026-01-16 18:22:00,143: ======================================================================
2026-01-16 18:22:00,154: Loaded pretrained weights from weights/score_for_Denoising/CRR_score_training_for_Denoising.pt
2026-01-16 18:22:00,448: maxiter hit in iteration 1
2026-01-16 18:22:01,595: maxiter hit in iteration 2
2026-01-16 18:22:02,809: maxiter hit in iteration 3
2026-01-16 18:22:04,041: maxiter hit in iteration 4
2026-01-16 18:22:05,191: maxiter hit in iteration 5
2026-01-16 18:22:06,113: Step 5, Train PSNR 22.339773, RevDEQ steps 10, RevDEQ err 1.844527e-03
2026-01-16 18:22:06,511: maxiter hit in iteration 6
2026-01-16 18:22:07,946: maxiter hit in iteration 7
2026-01-16 18:22:09,846: maxiter hit in iteration 8
2026-01-16 18:22:11,135: maxiter hit in iteration 9
2026-01-16 18:22:17,765: maxiter hit in iteration 10
2026-01-16 18:22:20,004: Step 10, Train PSNR 23.883110, RevDEQ steps 10, RevDEQ err 3.130588e-03
2026-01-16 18:22:20,510: maxiter hit in iteration 11
2026-01-16 18:22:22,285: maxiter hit in iteration 12
2026-01-16 18:22:23,695: maxiter hit in iteration 13
2026-01-16 18:22:25,116: maxiter hit in iteration 14
2026-01-16 18:22:26,450: maxiter hit in iteration 15
2026-01-16 18:22:27,313: Step 15, Train PSNR 24.560051, RevDEQ steps 10, RevDEQ err 4.304607e-03
2026-01-16 18:22:27,570: maxiter hit in iteration 16
2026-01-16 18:22:28,518: maxiter hit in iteration 17
2026-01-16 18:22:29,509: maxiter hit in iteration 18
2026-01-16 18:22:30,693: maxiter hit in iteration 19
2026-01-16 18:22:31,669: maxiter hit in iteration 20
2026-01-16 18:22:32,412: Step 20, Train PSNR 24.877539, RevDEQ steps 10, RevDEQ err 2.854389e-03
2026-01-16 18:22:32,653: maxiter hit in iteration 21
2026-01-16 18:22:33,615: maxiter hit in iteration 22
2026-01-16 18:22:34,649: maxiter hit in iteration 23
2026-01-16 18:22:35,652: maxiter hit in iteration 24
2026-01-16 18:22:36,755: maxiter hit in iteration 25
2026-01-16 18:22:37,806: Step 25, Train PSNR 25.161707, RevDEQ steps 10, RevDEQ err 5.446437e-03
2026-01-16 18:22:38,153: maxiter hit in iteration 26
2026-01-16 18:22:39,310: maxiter hit in iteration 27
2026-01-16 18:22:40,318: maxiter hit in iteration 28
2026-01-16 18:22:41,257: maxiter hit in iteration 29
2026-01-16 18:22:42,200: maxiter hit in iteration 30
2026-01-16 18:22:43,043: Step 30, Train PSNR 25.359656, RevDEQ steps 10, RevDEQ err 1.124218e-02
2026-01-16 18:22:43,304: maxiter hit in iteration 31
2026-01-16 18:22:44,363: maxiter hit in iteration 32
2026-01-16 18:22:45,285: maxiter hit in iteration 33
2026-01-16 18:22:46,218: maxiter hit in iteration 34
2026-01-16 18:22:47,293: maxiter hit in iteration 35
2026-01-16 18:22:48,073: Step 35, Train PSNR 25.680609, RevDEQ steps 10, RevDEQ err 3.346394e-03
2026-01-16 18:22:48,333: maxiter hit in iteration 36
2026-01-16 18:22:49,288: maxiter hit in iteration 37
2026-01-16 18:22:50,733: maxiter hit in iteration 38
2026-01-16 18:22:51,696: maxiter hit in iteration 39
2026-01-16 18:22:52,737: maxiter hit in iteration 40
2026-01-16 18:22:53,427: Step 40, Train PSNR 25.865907, RevDEQ steps 10, RevDEQ err 3.568482e-03
2026-01-16 18:22:53,781: maxiter hit in iteration 41
2026-01-16 18:22:54,718: maxiter hit in iteration 42
2026-01-16 18:22:55,708: maxiter hit in iteration 43
2026-01-16 18:22:56,750: maxiter hit in iteration 44
2026-01-16 18:22:57,752: maxiter hit in iteration 45
2026-01-16 18:22:58,464: Step 45, Train PSNR 26.072436, RevDEQ steps 10, RevDEQ err 2.892572e-03
2026-01-16 18:22:58,707: maxiter hit in iteration 46
2026-01-16 18:22:59,682: maxiter hit in iteration 47
2026-01-16 18:23:00,718: maxiter hit in iteration 48
2026-01-16 18:23:01,700: maxiter hit in iteration 49
2026-01-16 18:23:02,677: maxiter hit in iteration 50
2026-01-16 18:23:03,374: Step 50, Train PSNR 26.075575, RevDEQ steps 10, RevDEQ err 3.300068e-03
2026-01-16 18:23:03,607: maxiter hit in iteration 51
2026-01-16 18:23:04,678: maxiter hit in iteration 52
2026-01-16 18:23:05,683: maxiter hit in iteration 53
2026-01-16 18:23:06,611: maxiter hit in iteration 54
2026-01-16 18:23:07,566: maxiter hit in iteration 55
2026-01-16 18:23:08,270: Step 55, Train PSNR 26.272698, RevDEQ steps 10, RevDEQ err 2.020497e-02
2026-01-16 18:23:08,511: maxiter hit in iteration 56
2026-01-16 18:23:09,483: maxiter hit in iteration 57
2026-01-16 18:23:10,519: maxiter hit in iteration 58
2026-01-16 18:23:11,517: maxiter hit in iteration 59
2026-01-16 18:23:12,497: maxiter hit in iteration 60
2026-01-16 18:23:13,297: Step 60, Train PSNR 26.383555, RevDEQ steps 10, RevDEQ err 6.248977e-03
2026-01-16 18:23:13,297: [Epoch 1] Train Loss: 1.11E+01, PSNR: 26.38
2026-01-16 18:23:13,553: maxiter hit in iteration 1
2026-01-16 18:23:14,628: maxiter hit in iteration 2
2026-01-16 18:23:16,074: maxiter hit in iteration 3
2026-01-16 18:23:17,616: maxiter hit in iteration 4
2026-01-16 18:23:19,185: maxiter hit in iteration 5
2026-01-16 18:23:20,183: Step 5, Train PSNR 24.742630, RevDEQ steps 10, RevDEQ err 3.877006e-03
2026-01-16 18:23:20,611: maxiter hit in iteration 6
2026-01-16 18:23:22,616: maxiter hit in iteration 7
2026-01-16 18:23:23,964: maxiter hit in iteration 8
2026-01-16 18:23:25,086: maxiter hit in iteration 9
2026-01-16 18:23:26,140: maxiter hit in iteration 10
2026-01-16 18:23:27,068: Step 10, Train PSNR 26.763814, RevDEQ steps 10, RevDEQ err 2.580429e-02
2026-01-16 18:23:27,486: maxiter hit in iteration 11
2026-01-16 18:23:29,518: maxiter hit in iteration 12
2026-01-16 18:23:31,036: maxiter hit in iteration 13
2026-01-16 18:23:32,175: maxiter hit in iteration 14
2026-01-16 18:23:33,248: maxiter hit in iteration 15
2026-01-16 18:23:34,070: Step 15, Train PSNR 27.113873, RevDEQ steps 10, RevDEQ err 8.769111e-03
2026-01-16 18:23:34,345: maxiter hit in iteration 16
2026-01-16 18:23:35,449: maxiter hit in iteration 17
2026-01-16 18:23:36,693: maxiter hit in iteration 18
2026-01-16 18:23:38,214: maxiter hit in iteration 19
2026-01-16 18:23:39,403: maxiter hit in iteration 20
2026-01-16 18:23:40,283: Step 20, Train PSNR 27.534852, RevDEQ steps 10, RevDEQ err 1.379841e-02
2026-01-16 18:23:40,610: maxiter hit in iteration 21
2026-01-16 18:23:41,680: maxiter hit in iteration 22
2026-01-16 18:23:42,877: maxiter hit in iteration 23
2026-01-16 18:23:43,983: maxiter hit in iteration 24
2026-01-16 18:23:45,112: maxiter hit in iteration 25
2026-01-16 18:23:45,939: Step 25, Train PSNR 27.689011, RevDEQ steps 10, RevDEQ err 6.667239e-03
2026-01-16 18:23:46,216: maxiter hit in iteration 26
2026-01-16 18:23:47,335: maxiter hit in iteration 27
2026-01-16 18:23:48,469: maxiter hit in iteration 28
2026-01-16 18:23:49,634: maxiter hit in iteration 29
2026-01-16 18:23:50,726: maxiter hit in iteration 30
2026-01-16 18:23:51,505: Step 30, Train PSNR 27.600135, RevDEQ steps 10, RevDEQ err 4.573928e-03
2026-01-16 18:23:51,802: maxiter hit in iteration 31
2026-01-16 18:23:52,923: maxiter hit in iteration 32
2026-01-16 18:23:54,048: maxiter hit in iteration 33
2026-01-16 18:23:55,394: maxiter hit in iteration 34
2026-01-16 18:23:56,515: maxiter hit in iteration 35
2026-01-16 18:23:57,416: Step 35, Train PSNR 27.777492, RevDEQ steps 10, RevDEQ err 1.443704e-02
2026-01-16 18:23:57,766: maxiter hit in iteration 36
2026-01-16 18:23:58,913: maxiter hit in iteration 37
2026-01-16 18:24:00,008: maxiter hit in iteration 38
2026-01-16 18:24:01,191: maxiter hit in iteration 39
2026-01-16 18:24:02,436: maxiter hit in iteration 40
2026-01-16 18:24:03,267: Step 40, Train PSNR 28.171252, RevDEQ steps 10, RevDEQ err 9.168024e-03
2026-01-16 18:24:03,536: maxiter hit in iteration 41
2026-01-16 18:24:04,615: maxiter hit in iteration 42
2026-01-16 18:24:06,180: maxiter hit in iteration 43
2026-01-16 18:24:07,376: maxiter hit in iteration 44
2026-01-16 18:24:08,496: maxiter hit in iteration 45
2026-01-16 18:24:09,435: Step 45, Train PSNR 28.055757, RevDEQ steps 10, RevDEQ err 5.986792e-03
2026-01-16 18:24:09,712: maxiter hit in iteration 46
2026-01-16 18:24:10,941: maxiter hit in iteration 47
2026-01-16 18:24:12,045: maxiter hit in iteration 48
2026-01-16 18:24:13,194: maxiter hit in iteration 49
2026-01-16 18:24:14,460: maxiter hit in iteration 50
2026-01-16 18:24:15,355: Step 50, Train PSNR 28.062262, RevDEQ steps 10, RevDEQ err 7.515718e-03
2026-01-16 18:24:15,670: maxiter hit in iteration 51
2026-01-16 18:24:16,873: maxiter hit in iteration 52
2026-01-16 18:24:18,183: maxiter hit in iteration 53
2026-01-16 18:24:19,428: maxiter hit in iteration 54
2026-01-16 18:24:20,675: maxiter hit in iteration 55
2026-01-16 18:24:21,572: Step 55, Train PSNR 27.928233, RevDEQ steps 10, RevDEQ err 4.027057e-03
2026-01-16 18:24:21,865: maxiter hit in iteration 56
2026-01-16 18:24:23,315: maxiter hit in iteration 57
2026-01-16 18:24:25,027: maxiter hit in iteration 58
2026-01-16 18:24:26,389: maxiter hit in iteration 59
2026-01-16 18:24:27,555: maxiter hit in iteration 60
2026-01-16 18:24:28,364: Step 60, Train PSNR 27.894022, RevDEQ steps 10, RevDEQ err 1.019576e-02
2026-01-16 18:24:28,366: [Epoch 2] Train Loss: 7.72E+00, PSNR: 27.89
2026-01-16 18:24:28,704: maxiter hit in iteration 1
2026-01-16 18:24:29,954: maxiter hit in iteration 2
2026-01-16 18:24:31,083: maxiter hit in iteration 3
2026-01-16 18:24:32,235: maxiter hit in iteration 4
2026-01-16 18:24:33,372: maxiter hit in iteration 5
2026-01-16 18:24:34,133: Step 5, Train PSNR 29.199489, RevDEQ steps 10, RevDEQ err 2.374152e-02
2026-01-16 18:24:34,405: maxiter hit in iteration 6
2026-01-16 18:24:35,477: maxiter hit in iteration 7
2026-01-16 18:24:36,598: maxiter hit in iteration 8
2026-01-16 18:24:37,876: maxiter hit in iteration 9
2026-01-16 18:24:38,947: maxiter hit in iteration 10
2026-01-16 18:24:39,752: Step 10, Train PSNR 28.744245, RevDEQ steps 10, RevDEQ err 1.865641e-02
2026-01-16 18:24:40,031: maxiter hit in iteration 11
2026-01-16 18:24:41,189: maxiter hit in iteration 12
2026-01-16 18:24:42,355: maxiter hit in iteration 13
2026-01-16 18:24:43,435: maxiter hit in iteration 14
2026-01-16 18:24:44,485: maxiter hit in iteration 15
2026-01-16 18:24:45,333: Step 15, Train PSNR 28.658298, RevDEQ steps 10, RevDEQ err 1.408468e-02
2026-01-16 18:24:45,612: maxiter hit in iteration 16
2026-01-16 18:24:46,799: maxiter hit in iteration 17
2026-01-16 18:24:48,168: maxiter hit in iteration 18
2026-01-16 18:24:49,523: maxiter hit in iteration 19
2026-01-16 18:24:50,933: maxiter hit in iteration 20
2026-01-16 18:24:51,863: Step 20, Train PSNR 28.384123, RevDEQ steps 10, RevDEQ err 1.246010e-02
2026-01-16 18:24:52,151: maxiter hit in iteration 21
2026-01-16 18:24:53,261: maxiter hit in iteration 22
2026-01-16 18:24:54,423: maxiter hit in iteration 23
2026-01-16 18:24:55,548: maxiter hit in iteration 24
2026-01-16 18:24:56,764: maxiter hit in iteration 25
2026-01-16 18:24:57,618: Step 25, Train PSNR 27.992206, RevDEQ steps 10, RevDEQ err 6.472158e-03
2026-01-16 18:24:57,938: maxiter hit in iteration 26
2026-01-16 18:24:59,103: maxiter hit in iteration 27
2026-01-16 18:25:00,219: maxiter hit in iteration 28
2026-01-16 18:25:01,324: maxiter hit in iteration 29
2026-01-16 18:25:02,541: maxiter hit in iteration 30
2026-01-16 18:25:03,638: Step 30, Train PSNR 27.899682, RevDEQ steps 10, RevDEQ err 5.063897e-03
2026-01-16 18:25:03,954: maxiter hit in iteration 31
2026-01-16 18:25:05,156: maxiter hit in iteration 32
2026-01-16 18:25:06,414: maxiter hit in iteration 33
2026-01-16 18:25:07,827: maxiter hit in iteration 34
2026-01-16 18:25:09,066: maxiter hit in iteration 35
2026-01-16 18:25:09,936: Step 35, Train PSNR 27.616082, RevDEQ steps 10, RevDEQ err 4.184778e-03
2026-01-16 18:25:10,537: maxiter hit in iteration 36
2026-01-16 18:25:12,896: maxiter hit in iteration 37
2026-01-16 18:25:14,397: maxiter hit in iteration 38
2026-01-16 18:25:15,940: maxiter hit in iteration 39
2026-01-16 18:25:17,591: maxiter hit in iteration 40
2026-01-16 18:25:19,230: Step 40, Train PSNR 27.652582, RevDEQ steps 10, RevDEQ err 1.719175e-02
2026-01-16 18:25:19,795: maxiter hit in iteration 41
2026-01-16 18:25:21,760: maxiter hit in iteration 42
2026-01-16 18:25:23,347: maxiter hit in iteration 43
2026-01-16 18:25:24,779: maxiter hit in iteration 44
2026-01-16 18:25:26,188: maxiter hit in iteration 45
2026-01-16 18:25:27,767: Step 45, Train PSNR 27.814105, RevDEQ steps 10, RevDEQ err 1.190104e-02
2026-01-16 18:25:28,287: maxiter hit in iteration 46
2026-01-16 18:25:30,855: maxiter hit in iteration 47
2026-01-16 18:25:32,379: maxiter hit in iteration 48
2026-01-16 18:25:34,114: maxiter hit in iteration 49
2026-01-16 18:25:35,400: maxiter hit in iteration 50
2026-01-16 18:25:36,269: Step 50, Train PSNR 27.981538, RevDEQ steps 10, RevDEQ err 5.367930e-02
2026-01-16 18:25:36,551: maxiter hit in iteration 51
2026-01-16 18:25:37,685: maxiter hit in iteration 52
2026-01-16 18:25:38,866: maxiter hit in iteration 53
2026-01-16 18:25:39,950: maxiter hit in iteration 54
2026-01-16 18:25:41,067: maxiter hit in iteration 55
2026-01-16 18:25:41,861: Step 55, Train PSNR 27.904379, RevDEQ steps 10, RevDEQ err 7.485639e-03
2026-01-16 18:25:42,225: maxiter hit in iteration 56
2026-01-16 18:25:43,425: maxiter hit in iteration 57
2026-01-16 18:25:44,584: maxiter hit in iteration 58
2026-01-16 18:25:45,671: maxiter hit in iteration 59
2026-01-16 18:25:46,818: maxiter hit in iteration 60
2026-01-16 18:25:47,717: Step 60, Train PSNR 27.698278, RevDEQ steps 10, RevDEQ err 4.137608e-03
2026-01-16 18:25:47,717: [Epoch 3] Train Loss: 8.31E+00, PSNR: 27.70
2026-01-16 18:25:47,990: maxiter hit in iteration 1
2026-01-16 18:25:49,097: maxiter hit in iteration 2
2026-01-16 18:25:50,199: maxiter hit in iteration 3
2026-01-16 18:25:51,345: maxiter hit in iteration 4
2026-01-16 18:25:52,509: maxiter hit in iteration 5
2026-01-16 18:25:53,319: Step 5, Train PSNR 25.751897, RevDEQ steps 10, RevDEQ err 3.747318e-03
2026-01-16 18:25:53,604: maxiter hit in iteration 6
2026-01-16 18:25:54,700: maxiter hit in iteration 7
2026-01-16 18:25:55,801: maxiter hit in iteration 8
2026-01-16 18:25:57,074: maxiter hit in iteration 9
2026-01-16 18:25:58,151: maxiter hit in iteration 10
2026-01-16 18:25:58,958: Step 10, Train PSNR 25.735133, RevDEQ steps 10, RevDEQ err 4.756608e-03
2026-01-16 18:25:59,292: maxiter hit in iteration 11
2026-01-16 18:26:00,761: maxiter hit in iteration 12
2026-01-16 18:26:01,931: maxiter hit in iteration 13
2026-01-16 18:26:03,018: maxiter hit in iteration 14
2026-01-16 18:26:04,110: maxiter hit in iteration 15
2026-01-16 18:26:04,967: Step 15, Train PSNR 26.389745, RevDEQ steps 10, RevDEQ err 6.294175e-03
2026-01-16 18:26:05,264: maxiter hit in iteration 16
2026-01-16 18:26:06,358: maxiter hit in iteration 17
2026-01-16 18:26:07,467: maxiter hit in iteration 18
2026-01-16 18:26:08,647: maxiter hit in iteration 19
2026-01-16 18:26:09,804: maxiter hit in iteration 20
2026-01-16 18:26:10,769: Step 20, Train PSNR 27.054775, RevDEQ steps 10, RevDEQ err 1.787627e-02
2026-01-16 18:26:11,057: maxiter hit in iteration 21
2026-01-16 18:26:12,148: maxiter hit in iteration 22
2026-01-16 18:26:13,301: maxiter hit in iteration 23
2026-01-16 18:26:14,599: maxiter hit in iteration 24
2026-01-16 18:26:15,812: maxiter hit in iteration 25
2026-01-16 18:26:16,645: Step 25, Train PSNR 27.004137, RevDEQ steps 10, RevDEQ err 1.024702e-02
2026-01-16 18:26:16,928: maxiter hit in iteration 26
2026-01-16 18:26:18,117: maxiter hit in iteration 27
2026-01-16 18:26:19,222: maxiter hit in iteration 28
2026-01-16 18:26:20,274: maxiter hit in iteration 29
2026-01-16 18:26:21,313: maxiter hit in iteration 30
2026-01-16 18:26:22,173: Step 30, Train PSNR 26.993093, RevDEQ steps 10, RevDEQ err 2.612983e-02
2026-01-16 18:26:22,482: maxiter hit in iteration 31
2026-01-16 18:26:23,576: maxiter hit in iteration 32
2026-01-16 18:26:24,618: maxiter hit in iteration 33
2026-01-16 18:26:25,736: maxiter hit in iteration 34
2026-01-16 18:26:26,997: maxiter hit in iteration 35
2026-01-16 18:26:27,864: Step 35, Train PSNR 27.127739, RevDEQ steps 10, RevDEQ err 1.533498e-02
2026-01-16 18:26:28,165: maxiter hit in iteration 36
2026-01-16 18:26:29,364: maxiter hit in iteration 37
2026-01-16 18:26:31,755: maxiter hit in iteration 38
2026-01-16 18:26:33,542: maxiter hit in iteration 39
2026-01-16 18:26:34,894: maxiter hit in iteration 40
2026-01-16 18:26:35,989: Step 40, Train PSNR 27.343106, RevDEQ steps 10, RevDEQ err 1.424121e-01
2026-01-16 18:26:36,342: maxiter hit in iteration 41
2026-01-16 18:26:37,605: maxiter hit in iteration 42
2026-01-16 18:26:38,851: maxiter hit in iteration 43
2026-01-16 18:26:40,230: maxiter hit in iteration 44
2026-01-16 18:26:41,481: maxiter hit in iteration 45
2026-01-16 18:26:42,478: Step 45, Train PSNR 27.474508, RevDEQ steps 10, RevDEQ err 1.280392e-02
2026-01-16 18:26:42,941: maxiter hit in iteration 46
2026-01-16 18:26:44,249: maxiter hit in iteration 47
2026-01-16 18:26:45,550: maxiter hit in iteration 48
2026-01-16 18:26:46,814: maxiter hit in iteration 49
2026-01-16 18:26:48,187: maxiter hit in iteration 50
2026-01-16 18:26:49,070: Step 50, Train PSNR 27.306733, RevDEQ steps 10, RevDEQ err 2.501189e-03
2026-01-16 18:26:49,398: maxiter hit in iteration 51
2026-01-16 18:26:50,492: maxiter hit in iteration 52
2026-01-16 18:26:51,576: maxiter hit in iteration 53
2026-01-16 18:26:52,764: maxiter hit in iteration 54
2026-01-16 18:26:53,914: maxiter hit in iteration 55
2026-01-16 18:26:54,757: Step 55, Train PSNR 27.318524, RevDEQ steps 10, RevDEQ err 1.077508e-02
2026-01-16 18:26:55,034: maxiter hit in iteration 56
2026-01-16 18:26:56,239: maxiter hit in iteration 57
2026-01-16 18:26:57,449: maxiter hit in iteration 58
2026-01-16 18:26:58,628: maxiter hit in iteration 59
2026-01-16 18:26:59,745: maxiter hit in iteration 60
2026-01-16 18:27:00,617: Step 60, Train PSNR 27.456841, RevDEQ steps 10, RevDEQ err 1.376338e-02
2026-01-16 18:27:00,619: [Epoch 4] Train Loss: 8.81E+00, PSNR: 27.46
2026-01-16 18:27:00,916: maxiter hit in iteration 1
2026-01-16 18:27:02,112: maxiter hit in iteration 2
2026-01-16 18:27:03,300: maxiter hit in iteration 3
2026-01-16 18:27:04,417: maxiter hit in iteration 4
2026-01-16 18:27:05,574: maxiter hit in iteration 5
2026-01-16 18:27:06,418: Step 5, Train PSNR 26.904709, RevDEQ steps 10, RevDEQ err 5.093341e-03
2026-01-16 18:27:06,757: maxiter hit in iteration 6
2026-01-16 18:27:07,894: maxiter hit in iteration 7
2026-01-16 18:27:09,005: maxiter hit in iteration 8
2026-01-16 18:27:10,266: maxiter hit in iteration 9
2026-01-16 18:27:11,494: maxiter hit in iteration 10
2026-01-16 18:27:12,308: Step 10, Train PSNR 27.836869, RevDEQ steps 10, RevDEQ err 1.169206e-02
2026-01-16 18:27:12,630: maxiter hit in iteration 11
2026-01-16 18:27:13,758: maxiter hit in iteration 12
2026-01-16 18:27:14,948: maxiter hit in iteration 13
2026-01-16 18:27:16,140: maxiter hit in iteration 14
2026-01-16 18:27:17,278: maxiter hit in iteration 15
2026-01-16 18:27:18,144: Step 15, Train PSNR 28.429211, RevDEQ steps 10, RevDEQ err 9.575526e-03
2026-01-16 18:27:18,472: maxiter hit in iteration 16
2026-01-16 18:27:19,655: maxiter hit in iteration 17
2026-01-16 18:27:20,797: maxiter hit in iteration 18
2026-01-16 18:27:21,960: maxiter hit in iteration 19
2026-01-16 18:27:23,283: maxiter hit in iteration 20
2026-01-16 18:27:24,174: Step 20, Train PSNR 28.229681, RevDEQ steps 10, RevDEQ err 6.008999e-03
2026-01-16 18:27:24,481: maxiter hit in iteration 21
2026-01-16 18:27:25,560: maxiter hit in iteration 22
2026-01-16 18:27:26,592: maxiter hit in iteration 23
2026-01-16 18:27:27,764: maxiter hit in iteration 24
2026-01-16 18:27:28,918: maxiter hit in iteration 25
2026-01-16 18:27:29,750: Step 25, Train PSNR 28.092795, RevDEQ steps 10, RevDEQ err 4.505946e-03
2026-01-16 18:27:30,035: maxiter hit in iteration 26
2026-01-16 18:27:31,120: maxiter hit in iteration 27
2026-01-16 18:27:32,370: maxiter hit in iteration 28
2026-01-16 18:27:34,244: maxiter hit in iteration 29
2026-01-16 18:27:35,456: maxiter hit in iteration 30
2026-01-16 18:27:36,282: Step 30, Train PSNR 28.064995, RevDEQ steps 10, RevDEQ err 9.476008e-03
2026-01-16 18:27:36,678: maxiter hit in iteration 31
2026-01-16 18:27:37,819: maxiter hit in iteration 32
2026-01-16 18:27:38,950: maxiter hit in iteration 33
2026-01-16 18:27:40,250: maxiter hit in iteration 34
2026-01-16 18:27:41,597: maxiter hit in iteration 35
2026-01-16 18:27:42,432: Step 35, Train PSNR 27.999509, RevDEQ steps 10, RevDEQ err 9.775947e-03
2026-01-16 18:27:42,725: maxiter hit in iteration 36
2026-01-16 18:27:43,782: maxiter hit in iteration 37
2026-01-16 18:27:44,931: maxiter hit in iteration 38
2026-01-16 18:27:46,121: maxiter hit in iteration 39
2026-01-16 18:27:47,242: maxiter hit in iteration 40
2026-01-16 18:27:48,073: Step 40, Train PSNR 28.122969, RevDEQ steps 10, RevDEQ err 1.539053e-02
2026-01-16 18:27:48,349: maxiter hit in iteration 41
2026-01-16 18:27:49,673: maxiter hit in iteration 42
2026-01-16 18:27:51,011: maxiter hit in iteration 43
2026-01-16 18:27:52,120: maxiter hit in iteration 44
2026-01-16 18:27:53,484: maxiter hit in iteration 45
2026-01-16 18:27:54,822: Step 45, Train PSNR 27.864689, RevDEQ steps 10, RevDEQ err 5.884362e-03
2026-01-16 18:27:55,269: maxiter hit in iteration 46
2026-01-16 18:27:56,631: maxiter hit in iteration 47
2026-01-16 18:27:57,972: maxiter hit in iteration 48
2026-01-16 18:27:59,200: maxiter hit in iteration 49
2026-01-16 18:28:00,300: maxiter hit in iteration 50
2026-01-16 18:28:01,182: Step 50, Train PSNR 27.891038, RevDEQ steps 10, RevDEQ err 7.685194e-03
2026-01-16 18:28:01,518: maxiter hit in iteration 51
2026-01-16 18:28:03,108: maxiter hit in iteration 52
2026-01-16 18:28:04,422: maxiter hit in iteration 53
2026-01-16 18:28:05,890: maxiter hit in iteration 54
2026-01-16 18:28:07,387: maxiter hit in iteration 55
2026-01-16 18:28:08,345: Step 55, Train PSNR 27.898023, RevDEQ steps 10, RevDEQ err 1.418371e-02
2026-01-16 18:28:08,615: maxiter hit in iteration 56
2026-01-16 18:28:09,770: maxiter hit in iteration 57
2026-01-16 18:28:10,872: maxiter hit in iteration 58
2026-01-16 18:28:12,102: maxiter hit in iteration 59
2026-01-16 18:28:13,356: maxiter hit in iteration 60
2026-01-16 18:28:14,501: Step 60, Train PSNR 27.833608, RevDEQ steps 10, RevDEQ err 1.953036e-02
2026-01-16 18:28:14,510: [Epoch 5] Train Loss: 7.95E+00, PSNR: 27.83
2026-01-16 18:28:23,460: [Epoch 5] Val Loss: 9.32E+00, PSNR: 27.09
2026-01-16 18:28:23,844: maxiter hit in iteration 1
2026-01-16 18:28:25,043: maxiter hit in iteration 2
2026-01-16 18:28:26,197: maxiter hit in iteration 3
2026-01-16 18:28:27,341: maxiter hit in iteration 4
2026-01-16 18:28:28,524: maxiter hit in iteration 5
2026-01-16 18:28:29,463: Step 5, Train PSNR 29.118235, RevDEQ steps 10, RevDEQ err 1.077784e-02
2026-01-16 18:28:29,845: maxiter hit in iteration 6
2026-01-16 18:28:31,047: maxiter hit in iteration 7
2026-01-16 18:28:32,356: maxiter hit in iteration 8
2026-01-16 18:28:34,029: maxiter hit in iteration 9
2026-01-16 18:28:35,440: maxiter hit in iteration 10
2026-01-16 18:28:36,900: Step 10, Train PSNR 28.883154, RevDEQ steps 10, RevDEQ err 2.211988e-02
2026-01-16 18:28:37,267: maxiter hit in iteration 11
2026-01-16 18:28:39,213: maxiter hit in iteration 12
2026-01-16 18:28:41,205: maxiter hit in iteration 13
2026-01-16 18:28:43,461: maxiter hit in iteration 14
2026-01-16 18:28:45,629: maxiter hit in iteration 15
2026-01-16 18:28:47,589: Step 15, Train PSNR 28.215671, RevDEQ steps 10, RevDEQ err 7.562798e-03
2026-01-16 18:28:48,288: maxiter hit in iteration 16
2026-01-16 18:28:51,291: maxiter hit in iteration 17
2026-01-16 18:28:53,749: maxiter hit in iteration 18
2026-01-16 18:28:55,805: maxiter hit in iteration 19
2026-01-16 18:28:57,905: maxiter hit in iteration 20
2026-01-16 18:28:59,238: Step 20, Train PSNR 28.116174, RevDEQ steps 10, RevDEQ err 6.080738e-03
2026-01-16 18:28:59,713: maxiter hit in iteration 21
2026-01-16 18:29:02,039: maxiter hit in iteration 22
2026-01-16 18:29:04,129: maxiter hit in iteration 23
2026-01-16 18:29:06,051: maxiter hit in iteration 24
2026-01-16 18:29:07,839: maxiter hit in iteration 25
2026-01-16 18:29:08,864: Step 25, Train PSNR 28.108043, RevDEQ steps 10, RevDEQ err 1.189653e-02
2026-01-16 18:29:09,165: maxiter hit in iteration 26
2026-01-16 18:29:10,419: maxiter hit in iteration 27
2026-01-16 18:29:11,605: maxiter hit in iteration 28
2026-01-16 18:29:12,870: maxiter hit in iteration 29
2026-01-16 18:29:14,152: maxiter hit in iteration 30
2026-01-16 18:29:15,046: Step 30, Train PSNR 28.050380, RevDEQ steps 10, RevDEQ err 4.142782e-02
2026-01-16 18:29:15,339: maxiter hit in iteration 31
2026-01-16 18:29:16,573: maxiter hit in iteration 32
2026-01-16 18:29:17,918: maxiter hit in iteration 33
2026-01-16 18:29:19,303: maxiter hit in iteration 34
2026-01-16 18:29:20,485: maxiter hit in iteration 35
2026-01-16 18:29:21,354: Step 35, Train PSNR 27.877268, RevDEQ steps 10, RevDEQ err 9.641437e-03
2026-01-16 18:29:21,683: maxiter hit in iteration 36
2026-01-16 18:29:22,993: maxiter hit in iteration 37
2026-01-16 18:29:24,150: maxiter hit in iteration 38
2026-01-16 18:29:25,335: maxiter hit in iteration 39
2026-01-16 18:29:26,564: maxiter hit in iteration 40
2026-01-16 18:29:27,533: Step 40, Train PSNR 28.111630, RevDEQ steps 10, RevDEQ err 1.826845e-02
2026-01-16 18:29:27,866: maxiter hit in iteration 41
2026-01-16 18:29:28,972: maxiter hit in iteration 42
2026-01-16 18:29:30,087: maxiter hit in iteration 43
2026-01-16 18:29:31,211: maxiter hit in iteration 44
2026-01-16 18:29:32,331: maxiter hit in iteration 45
2026-01-16 18:29:33,192: Step 45, Train PSNR 28.128719, RevDEQ steps 10, RevDEQ err 1.535876e-02
2026-01-16 18:29:33,469: maxiter hit in iteration 46
2026-01-16 18:29:34,860: maxiter hit in iteration 47
2026-01-16 18:29:36,130: maxiter hit in iteration 48
2026-01-16 18:29:37,233: maxiter hit in iteration 49
2026-01-16 18:29:38,628: maxiter hit in iteration 50
2026-01-16 18:29:40,025: Step 50, Train PSNR 28.088023, RevDEQ steps 10, RevDEQ err 4.676342e-03
2026-01-16 18:29:40,495: maxiter hit in iteration 51
2026-01-16 18:29:41,682: maxiter hit in iteration 52
2026-01-16 18:29:42,924: maxiter hit in iteration 53
2026-01-16 18:29:44,095: maxiter hit in iteration 54
2026-01-16 18:29:45,248: maxiter hit in iteration 55
2026-01-16 18:29:46,084: Step 55, Train PSNR 28.107281, RevDEQ steps 10, RevDEQ err 1.899984e-02
2026-01-16 18:29:46,371: maxiter hit in iteration 56
2026-01-16 18:29:47,471: maxiter hit in iteration 57
2026-01-16 18:29:48,633: maxiter hit in iteration 58
2026-01-16 18:29:49,819: maxiter hit in iteration 59
2026-01-16 18:29:50,932: maxiter hit in iteration 60
2026-01-16 18:29:51,785: Step 60, Train PSNR 28.245661, RevDEQ steps 10, RevDEQ err 1.851222e-02
2026-01-16 18:29:51,787: [Epoch 6] Train Loss: 7.44E+00, PSNR: 28.25
2026-01-16 18:29:52,060: maxiter hit in iteration 1
2026-01-16 18:29:53,262: maxiter hit in iteration 2
2026-01-16 18:29:54,411: maxiter hit in iteration 3
2026-01-16 18:29:55,618: maxiter hit in iteration 4
2026-01-16 18:29:56,734: maxiter hit in iteration 5
2026-01-16 18:29:57,672: Step 5, Train PSNR 27.141051, RevDEQ steps 10, RevDEQ err 1.755564e-02
2026-01-16 18:29:58,003: maxiter hit in iteration 6
2026-01-16 18:29:59,134: maxiter hit in iteration 7
2026-01-16 18:30:00,305: maxiter hit in iteration 8
2026-01-16 18:30:01,453: maxiter hit in iteration 9
2026-01-16 18:30:02,650: maxiter hit in iteration 10
2026-01-16 18:30:03,505: Step 10, Train PSNR 26.697651, RevDEQ steps 10, RevDEQ err 4.347023e-03
2026-01-16 18:30:03,789: maxiter hit in iteration 11
2026-01-16 18:30:04,900: maxiter hit in iteration 12
2026-01-16 18:30:06,079: maxiter hit in iteration 13
2026-01-16 18:30:07,261: maxiter hit in iteration 14
2026-01-16 18:30:08,471: maxiter hit in iteration 15
2026-01-16 18:30:09,461: Step 15, Train PSNR 27.586498, RevDEQ steps 10, RevDEQ err 5.779941e-03
2026-01-16 18:30:09,742: maxiter hit in iteration 16
2026-01-16 18:30:10,940: maxiter hit in iteration 17
2026-01-16 18:30:12,064: maxiter hit in iteration 18
2026-01-16 18:30:13,266: maxiter hit in iteration 19
2026-01-16 18:30:14,484: maxiter hit in iteration 20
2026-01-16 18:30:15,420: Step 20, Train PSNR 28.215573, RevDEQ steps 10, RevDEQ err 2.515639e-02
2026-01-16 18:30:15,748: maxiter hit in iteration 21
2026-01-16 18:30:16,963: maxiter hit in iteration 22
2026-01-16 18:30:18,424: maxiter hit in iteration 23
2026-01-16 18:30:19,680: maxiter hit in iteration 24
2026-01-16 18:30:20,977: maxiter hit in iteration 25
2026-01-16 18:30:21,829: Step 25, Train PSNR 28.638132, RevDEQ steps 10, RevDEQ err 8.322761e-03
2026-01-16 18:30:22,129: maxiter hit in iteration 26
2026-01-16 18:30:23,266: maxiter hit in iteration 27
2026-01-16 18:30:24,397: maxiter hit in iteration 28
2026-01-16 18:30:25,472: maxiter hit in iteration 29
2026-01-16 18:30:26,522: maxiter hit in iteration 30
2026-01-16 18:30:27,350: Step 30, Train PSNR 28.640235, RevDEQ steps 10, RevDEQ err 2.080551e-02
2026-01-16 18:30:27,669: maxiter hit in iteration 31
2026-01-16 18:30:28,845: maxiter hit in iteration 32
2026-01-16 18:30:29,966: maxiter hit in iteration 33
2026-01-16 18:30:31,035: maxiter hit in iteration 34
2026-01-16 18:30:32,242: maxiter hit in iteration 35
2026-01-16 18:30:33,152: Step 35, Train PSNR 28.553919, RevDEQ steps 10, RevDEQ err 5.840012e-02
2026-01-16 18:30:33,433: maxiter hit in iteration 36
2026-01-16 18:30:34,514: maxiter hit in iteration 37
2026-01-16 18:30:35,599: maxiter hit in iteration 38
2026-01-16 18:30:36,746: maxiter hit in iteration 39
2026-01-16 18:30:37,916: maxiter hit in iteration 40
2026-01-16 18:30:38,712: Step 40, Train PSNR 28.230532, RevDEQ steps 10, RevDEQ err 2.534944e-03
2026-01-16 18:30:38,984: maxiter hit in iteration 41
2026-01-16 18:30:40,080: maxiter hit in iteration 42
2026-01-16 18:30:41,569: maxiter hit in iteration 43
2026-01-16 18:30:43,129: maxiter hit in iteration 44
2026-01-16 18:30:44,324: maxiter hit in iteration 45
2026-01-16 18:30:45,184: Step 45, Train PSNR 28.069136, RevDEQ steps 10, RevDEQ err 2.984516e-03
2026-01-16 18:30:45,455: maxiter hit in iteration 46
2026-01-16 18:30:46,698: maxiter hit in iteration 47
2026-01-16 18:30:47,814: maxiter hit in iteration 48
2026-01-16 18:30:48,898: maxiter hit in iteration 49
2026-01-16 18:30:50,014: maxiter hit in iteration 50
2026-01-16 18:30:50,868: Step 50, Train PSNR 28.157982, RevDEQ steps 10, RevDEQ err 4.854960e-03
2026-01-16 18:30:51,156: maxiter hit in iteration 51
2026-01-16 18:30:52,348: maxiter hit in iteration 52
2026-01-16 18:30:53,499: maxiter hit in iteration 53
2026-01-16 18:30:54,785: maxiter hit in iteration 54
2026-01-16 18:30:55,894: maxiter hit in iteration 55
2026-01-16 18:30:56,822: Step 55, Train PSNR 28.029207, RevDEQ steps 10, RevDEQ err 5.001095e-03
2026-01-16 18:30:57,258: maxiter hit in iteration 56
2026-01-16 18:30:58,880: maxiter hit in iteration 57
2026-01-16 18:31:00,133: maxiter hit in iteration 58
2026-01-16 18:31:01,275: maxiter hit in iteration 59
2026-01-16 18:31:02,335: maxiter hit in iteration 60
2026-01-16 18:31:03,229: Step 60, Train PSNR 28.084334, RevDEQ steps 10, RevDEQ err 3.167521e-03
2026-01-16 18:31:03,231: [Epoch 7] Train Loss: 8.24E+00, PSNR: 28.08
2026-01-16 18:31:03,564: maxiter hit in iteration 1
2026-01-16 18:31:04,653: maxiter hit in iteration 2
2026-01-16 18:31:05,695: maxiter hit in iteration 3
2026-01-16 18:31:06,797: maxiter hit in iteration 4
2026-01-16 18:31:08,029: maxiter hit in iteration 5
2026-01-16 18:31:08,873: Step 5, Train PSNR 27.178514, RevDEQ steps 10, RevDEQ err 1.096886e-02
2026-01-16 18:31:09,148: maxiter hit in iteration 6
2026-01-16 18:31:10,234: maxiter hit in iteration 7
2026-01-16 18:31:11,482: maxiter hit in iteration 8
2026-01-16 18:31:12,680: maxiter hit in iteration 9
2026-01-16 18:31:13,921: maxiter hit in iteration 10
2026-01-16 18:31:14,746: Step 10, Train PSNR 28.897071, RevDEQ steps 10, RevDEQ err 1.852845e-02
2026-01-16 18:31:15,025: maxiter hit in iteration 11
2026-01-16 18:31:16,195: maxiter hit in iteration 12
2026-01-16 18:31:17,352: maxiter hit in iteration 13
2026-01-16 18:31:18,498: maxiter hit in iteration 14
2026-01-16 18:31:19,566: maxiter hit in iteration 15
2026-01-16 18:31:20,476: Step 15, Train PSNR 28.734367, RevDEQ steps 10, RevDEQ err 1.022776e-02
2026-01-16 18:31:20,767: maxiter hit in iteration 16
2026-01-16 18:31:21,837: maxiter hit in iteration 17
2026-01-16 18:31:22,913: maxiter hit in iteration 18
2026-01-16 18:31:23,985: maxiter hit in iteration 19
2026-01-16 18:31:25,158: maxiter hit in iteration 20
2026-01-16 18:31:26,015: Step 20, Train PSNR 28.789487, RevDEQ steps 10, RevDEQ err 4.804401e-03
2026-01-16 18:31:26,383: maxiter hit in iteration 21
2026-01-16 18:31:27,453: maxiter hit in iteration 22
2026-01-16 18:31:28,529: maxiter hit in iteration 23
2026-01-16 18:31:30,183: maxiter hit in iteration 24
2026-01-16 18:31:31,374: maxiter hit in iteration 25
2026-01-16 18:31:32,172: Step 25, Train PSNR 28.364598, RevDEQ steps 10, RevDEQ err 1.768857e-02
2026-01-16 18:31:32,446: maxiter hit in iteration 26
2026-01-16 18:31:33,627: maxiter hit in iteration 27
2026-01-16 18:31:34,735: maxiter hit in iteration 28
2026-01-16 18:31:35,850: maxiter hit in iteration 29
2026-01-16 18:31:42,606: maxiter hit in iteration 30
2026-01-16 18:31:44,145: Step 30, Train PSNR 28.099795, RevDEQ steps 10, RevDEQ err 2.622952e-03
2026-01-16 18:31:44,654: maxiter hit in iteration 31
2026-01-16 18:31:48,078: maxiter hit in iteration 32
2026-01-16 18:31:49,823: maxiter hit in iteration 33
2026-01-16 18:31:51,009: maxiter hit in iteration 34
2026-01-16 18:31:52,324: maxiter hit in iteration 35
2026-01-16 18:31:53,171: Step 35, Train PSNR 28.031087, RevDEQ steps 10, RevDEQ err 4.160600e-03
2026-01-16 18:31:53,462: maxiter hit in iteration 36
2026-01-16 18:31:54,555: maxiter hit in iteration 37
2026-01-16 18:31:55,617: maxiter hit in iteration 38
2026-01-16 18:31:56,830: maxiter hit in iteration 39
2026-01-16 18:31:57,941: maxiter hit in iteration 40
2026-01-16 18:31:58,772: Step 40, Train PSNR 27.955590, RevDEQ steps 10, RevDEQ err 2.309062e-03
2026-01-16 18:31:59,059: maxiter hit in iteration 41
2026-01-16 18:32:00,227: maxiter hit in iteration 42
2026-01-16 18:32:01,442: maxiter hit in iteration 43
2026-01-16 18:32:02,767: maxiter hit in iteration 44
2026-01-16 18:32:04,163: maxiter hit in iteration 45
2026-01-16 18:32:05,054: Step 45, Train PSNR 27.730415, RevDEQ steps 10, RevDEQ err 7.101359e-03
2026-01-16 18:32:05,380: maxiter hit in iteration 46
2026-01-16 18:32:06,433: maxiter hit in iteration 47
2026-01-16 18:32:07,656: maxiter hit in iteration 48
2026-01-16 18:32:08,798: maxiter hit in iteration 49
2026-01-16 18:32:10,255: maxiter hit in iteration 50
2026-01-16 18:32:11,314: Step 50, Train PSNR 27.712816, RevDEQ steps 10, RevDEQ err 3.307229e-03
2026-01-16 18:32:11,590: maxiter hit in iteration 51
2026-01-16 18:32:14,519: maxiter hit in iteration 52
2026-01-16 18:32:15,606: maxiter hit in iteration 53
2026-01-16 18:32:16,704: maxiter hit in iteration 54
2026-01-16 18:32:18,098: maxiter hit in iteration 55
2026-01-16 18:32:19,862: Step 55, Train PSNR 27.598374, RevDEQ steps 10, RevDEQ err 3.719936e-03
2026-01-16 18:32:20,262: maxiter hit in iteration 56
2026-01-16 18:32:21,997: maxiter hit in iteration 57
2026-01-16 18:32:23,828: maxiter hit in iteration 58
2026-01-16 18:32:25,056: maxiter hit in iteration 59
2026-01-16 18:32:26,178: maxiter hit in iteration 60
2026-01-16 18:32:27,033: Step 60, Train PSNR 27.605522, RevDEQ steps 10, RevDEQ err 6.628750e-03
2026-01-16 18:32:27,035: [Epoch 8] Train Loss: 8.74E+00, PSNR: 27.61
2026-01-16 18:32:27,375: maxiter hit in iteration 1
2026-01-16 18:32:28,491: maxiter hit in iteration 2
2026-01-16 18:32:29,555: maxiter hit in iteration 3
2026-01-16 18:32:30,626: maxiter hit in iteration 4
2026-01-16 18:32:31,843: maxiter hit in iteration 5
2026-01-16 18:32:32,911: Step 5, Train PSNR 27.387464, RevDEQ steps 10, RevDEQ err 2.807421e-03
2026-01-16 18:32:33,233: maxiter hit in iteration 6
2026-01-16 18:32:35,764: maxiter hit in iteration 7
2026-01-16 18:32:37,025: maxiter hit in iteration 8
2026-01-16 18:32:38,202: maxiter hit in iteration 9
2026-01-16 18:32:39,281: maxiter hit in iteration 10
2026-01-16 18:32:40,121: Step 10, Train PSNR 26.808284, RevDEQ steps 10, RevDEQ err 3.866724e-03
2026-01-16 18:32:40,462: maxiter hit in iteration 11
2026-01-16 18:32:41,614: maxiter hit in iteration 12
2026-01-16 18:32:42,922: maxiter hit in iteration 13
2026-01-16 18:32:44,237: maxiter hit in iteration 14
2026-01-16 18:32:45,420: maxiter hit in iteration 15
2026-01-16 18:32:46,249: Step 15, Train PSNR 26.481552, RevDEQ steps 10, RevDEQ err 1.000958e-02
2026-01-16 18:32:46,563: maxiter hit in iteration 16
2026-01-16 18:32:48,286: maxiter hit in iteration 17
2026-01-16 18:32:49,952: maxiter hit in iteration 18
2026-01-16 18:32:51,333: maxiter hit in iteration 19
2026-01-16 18:32:52,451: maxiter hit in iteration 20
2026-01-16 18:32:53,355: Step 20, Train PSNR 26.862483, RevDEQ steps 10, RevDEQ err 9.970238e-03
2026-01-16 18:32:53,661: maxiter hit in iteration 21
2026-01-16 18:32:54,841: maxiter hit in iteration 22
2026-01-16 18:32:55,961: maxiter hit in iteration 23
2026-01-16 18:32:57,050: maxiter hit in iteration 24
2026-01-16 18:32:58,321: maxiter hit in iteration 25
2026-01-16 18:32:59,121: Step 25, Train PSNR 26.825623, RevDEQ steps 10, RevDEQ err 3.337590e-03
2026-01-16 18:32:59,400: maxiter hit in iteration 26
2026-01-16 18:33:00,510: maxiter hit in iteration 27
2026-01-16 18:33:01,618: maxiter hit in iteration 28
2026-01-16 18:33:02,833: maxiter hit in iteration 29
2026-01-16 18:33:03,924: maxiter hit in iteration 30
2026-01-16 18:33:04,736: Step 30, Train PSNR 26.978588, RevDEQ steps 10, RevDEQ err 6.471887e-03
2026-01-16 18:33:05,002: maxiter hit in iteration 31
2026-01-16 18:33:06,203: maxiter hit in iteration 32
2026-01-16 18:33:07,351: maxiter hit in iteration 33
2026-01-16 18:33:08,491: maxiter hit in iteration 34
2026-01-16 18:33:09,573: maxiter hit in iteration 35
2026-01-16 18:33:10,347: Step 35, Train PSNR 26.784415, RevDEQ steps 10, RevDEQ err 6.989867e-03
2026-01-16 18:33:10,713: maxiter hit in iteration 36
2026-01-16 18:33:11,863: maxiter hit in iteration 37
2026-01-16 18:33:13,011: maxiter hit in iteration 38
2026-01-16 18:33:14,102: maxiter hit in iteration 39
2026-01-16 18:33:15,257: maxiter hit in iteration 40
2026-01-16 18:33:16,115: Step 40, Train PSNR 27.134681, RevDEQ steps 10, RevDEQ err 1.943589e-02
2026-01-16 18:33:16,378: maxiter hit in iteration 41
2026-01-16 18:33:17,447: maxiter hit in iteration 42
2026-01-16 18:33:18,518: maxiter hit in iteration 43
2026-01-16 18:33:19,817: maxiter hit in iteration 44
2026-01-16 18:33:21,064: maxiter hit in iteration 45
2026-01-16 18:33:21,875: Step 45, Train PSNR 27.196897, RevDEQ steps 10, RevDEQ err 1.014408e-02
2026-01-16 18:33:22,140: maxiter hit in iteration 46
2026-01-16 18:33:23,251: maxiter hit in iteration 47
2026-01-16 18:33:24,415: maxiter hit in iteration 48
2026-01-16 18:33:25,465: maxiter hit in iteration 49
2026-01-16 18:33:26,475: maxiter hit in iteration 50
2026-01-16 18:33:27,260: Step 50, Train PSNR 27.424974, RevDEQ steps 10, RevDEQ err 1.991650e-02
2026-01-16 18:33:27,519: maxiter hit in iteration 51
2026-01-16 18:33:28,715: maxiter hit in iteration 52
2026-01-16 18:33:29,788: maxiter hit in iteration 53
2026-01-16 18:33:30,897: maxiter hit in iteration 54
2026-01-16 18:33:32,033: maxiter hit in iteration 55
2026-01-16 18:33:32,913: Step 55, Train PSNR 27.506400, RevDEQ steps 10, RevDEQ err 1.187767e-02
2026-01-16 18:33:33,246: maxiter hit in iteration 56
2026-01-16 18:33:34,306: maxiter hit in iteration 57
2026-01-16 18:33:35,350: maxiter hit in iteration 58
2026-01-16 18:33:36,442: maxiter hit in iteration 59
2026-01-16 18:33:37,847: maxiter hit in iteration 60
2026-01-16 18:33:38,627: Step 60, Train PSNR 27.482082, RevDEQ steps 10, RevDEQ err 2.434005e-02
2026-01-16 18:33:38,627: [Epoch 9] Train Loss: 8.62E+00, PSNR: 27.48
2026-01-16 18:33:38,939: maxiter hit in iteration 1
2026-01-16 18:33:40,072: maxiter hit in iteration 2
2026-01-16 18:33:41,152: maxiter hit in iteration 3
2026-01-16 18:33:42,292: maxiter hit in iteration 4
2026-01-16 18:33:43,394: maxiter hit in iteration 5
2026-01-16 18:33:44,183: Step 5, Train PSNR 30.617453, RevDEQ steps 10, RevDEQ err 2.997789e-02
2026-01-16 18:33:44,565: maxiter hit in iteration 6
2026-01-16 18:33:45,766: maxiter hit in iteration 7
2026-01-16 18:33:47,150: maxiter hit in iteration 8
2026-01-16 18:33:48,381: maxiter hit in iteration 9
2026-01-16 18:33:50,373: maxiter hit in iteration 10
2026-01-16 18:33:51,893: Step 10, Train PSNR 28.667283, RevDEQ steps 10, RevDEQ err 1.135485e-02
2026-01-16 18:33:52,283: maxiter hit in iteration 11
2026-01-16 18:33:53,649: maxiter hit in iteration 12
2026-01-16 18:33:54,883: maxiter hit in iteration 13
2026-01-16 18:33:56,036: maxiter hit in iteration 14
2026-01-16 18:33:57,151: maxiter hit in iteration 15
2026-01-16 18:33:58,052: Step 15, Train PSNR 28.203640, RevDEQ steps 10, RevDEQ err 8.980026e-03
2026-01-16 18:33:58,336: maxiter hit in iteration 16
2026-01-16 18:33:59,542: maxiter hit in iteration 17
2026-01-16 18:34:00,667: maxiter hit in iteration 18
2026-01-16 18:34:01,755: maxiter hit in iteration 19
2026-01-16 18:34:02,798: maxiter hit in iteration 20
2026-01-16 18:34:03,735: Step 20, Train PSNR 28.581142, RevDEQ steps 10, RevDEQ err 1.433769e-02
2026-01-16 18:34:04,043: maxiter hit in iteration 21
2026-01-16 18:34:05,353: maxiter hit in iteration 22
2026-01-16 18:34:06,457: maxiter hit in iteration 23
2026-01-16 18:34:07,525: maxiter hit in iteration 24
2026-01-16 18:34:08,745: maxiter hit in iteration 25
2026-01-16 18:34:09,517: Step 25, Train PSNR 28.221806, RevDEQ steps 10, RevDEQ err 4.891146e-03
2026-01-16 18:34:09,797: maxiter hit in iteration 26
2026-01-16 18:34:10,855: maxiter hit in iteration 27
2026-01-16 18:34:11,913: maxiter hit in iteration 28
2026-01-16 18:34:13,094: maxiter hit in iteration 29
2026-01-16 18:34:14,186: maxiter hit in iteration 30
2026-01-16 18:34:14,974: Step 30, Train PSNR 28.072713, RevDEQ steps 10, RevDEQ err 5.616928e-03
2026-01-16 18:34:15,297: maxiter hit in iteration 31
2026-01-16 18:34:16,691: maxiter hit in iteration 32
2026-01-16 18:34:18,225: maxiter hit in iteration 33
2026-01-16 18:34:19,291: maxiter hit in iteration 34
2026-01-16 18:34:21,100: maxiter hit in iteration 35
2026-01-16 18:34:22,235: Step 35, Train PSNR 28.367498, RevDEQ steps 10, RevDEQ err 1.326496e-02
2026-01-16 18:34:22,596: maxiter hit in iteration 36
2026-01-16 18:34:23,897: maxiter hit in iteration 37
2026-01-16 18:34:25,107: maxiter hit in iteration 38
2026-01-16 18:34:26,312: maxiter hit in iteration 39
2026-01-16 18:34:27,440: maxiter hit in iteration 40
2026-01-16 18:34:28,308: Step 40, Train PSNR 28.104378, RevDEQ steps 10, RevDEQ err 6.639865e-03
2026-01-16 18:34:28,594: maxiter hit in iteration 41
2026-01-16 18:34:29,699: maxiter hit in iteration 42
2026-01-16 18:34:30,916: maxiter hit in iteration 43
2026-01-16 18:34:32,008: maxiter hit in iteration 44
2026-01-16 18:34:33,268: maxiter hit in iteration 45
2026-01-16 18:34:34,087: Step 45, Train PSNR 27.897953, RevDEQ steps 10, RevDEQ err 2.773702e-03
2026-01-16 18:34:34,432: maxiter hit in iteration 46
2026-01-16 18:34:35,592: maxiter hit in iteration 47
2026-01-16 18:34:36,706: maxiter hit in iteration 48
2026-01-16 18:34:37,830: maxiter hit in iteration 49
2026-01-16 18:34:39,034: maxiter hit in iteration 50
2026-01-16 18:34:39,847: Step 50, Train PSNR 27.788976, RevDEQ steps 10, RevDEQ err 8.257058e-03
2026-01-16 18:34:40,178: maxiter hit in iteration 51
2026-01-16 18:34:41,259: maxiter hit in iteration 52
2026-01-16 18:34:42,360: maxiter hit in iteration 53
2026-01-16 18:34:43,581: maxiter hit in iteration 54
2026-01-16 18:34:44,694: maxiter hit in iteration 55
2026-01-16 18:34:45,518: Step 55, Train PSNR 27.733297, RevDEQ steps 10, RevDEQ err 4.515059e-03
2026-01-16 18:34:45,800: maxiter hit in iteration 56
2026-01-16 18:34:46,914: maxiter hit in iteration 57
2026-01-16 18:34:48,171: maxiter hit in iteration 58
2026-01-16 18:34:49,302: maxiter hit in iteration 59
2026-01-16 18:34:50,444: maxiter hit in iteration 60
2026-01-16 18:34:51,230: Step 60, Train PSNR 27.565577, RevDEQ steps 10, RevDEQ err 2.452450e-03
2026-01-16 18:34:51,231: [Epoch 10] Train Loss: 8.71E+00, PSNR: 27.57
2026-01-16 18:35:01,042: [Epoch 10] Val Loss: 9.36E+00, PSNR: 27.05
2026-01-16 18:35:01,055: 
RevDEQ completed in 780.9s
2026-01-16 18:35:01,055:   Final Train Loss: 8.7112
2026-01-16 18:35:01,055:   Final Train PSNR: 27.57 dB
2026-01-16 18:35:01,055:   Final Val Loss: 9.3600
2026-01-16 18:35:01,055:   Final Val PSNR: 27.05 dB
2026-01-16 18:35:01,055: 
======================================================================
2026-01-16 18:35:01,057: SUMMARY
2026-01-16 18:35:01,057: ======================================================================
2026-01-16 18:35:01,082: Method | Max Iter | F-Evals/Batch | Train Loss | Val Loss | Train PSNR | Val PSNR | Duration (s)
2026-01-16 18:35:01,082: ------------------------------------------------------------------------------------------------
2026-01-16 18:35:01,085: IFT    | 20       | 20            | 8.12       | 9.17     | 27.98      | 27.35    | 3042.3      
2026-01-16 18:35:01,085: JFB    | 20       | 20            | 7.99       | 9.12     | 28.26      | 27.30    | 459.6       
2026-01-16 18:35:01,085: RevDEQ | 10       | 20            | 8.71       | 9.36     | 27.57      | 27.05    | 780.9       
2026-01-16 18:35:01,145: 
Results saved to: comparison_logs\comparison_results_Denoising_CRR_2026-01-16_17-23-38.065259.json
2026-01-16 18:35:01,145: Log saved to: comparison_logs\comparison_Denoising_CRR_2026-01-16_17-23-38.065259.log
